// Pacman ROM data - converted from original arcade ROMs
// This file contains the original Pacman program, graphics, and palette data

#include <string.h>

typedef unsigned char byte;
typedef unsigned short word;
typedef signed char sbyte;

// program_rom (16384 bytes)
const char __at (0x0000) program_rom[0x4000] = {
  0xf3,0x3e,0x3f,0xed,0x47,0xc3,0x0b,0x23,0x77,0x23,0x10,0xfc,0xc9,0xc3,0x0e,0x07,
  0x85,0x6f,0x3e,0x00,0x8c,0x67,0x7e,0xc9,0x78,0x87,0xd7,0x5f,0x23,0x56,0xeb,0xc9,
  0xe1,0x87,0xd7,0x5f,0x23,0x56,0xeb,0xe9,0xe1,0x46,0x23,0x4e,0x23,0xe5,0x18,0x12,
  0x11,0x90,0x4c,0x06,0x10,0xc3,0x51,0x00,0xaf,0x32,0x00,0x50,0x32,0x07,0x50,0xc3,
  0x38,0x00,0x2a,0x80,0x4c,0x70,0x2c,0x71,0x2c,0x20,0x02,0x2e,0xc0,0x22,0x80,0x4c,
  0xc9,0x1a,0xa7,0x28,0x06,0x1c,0x1c,0x1c,0x10,0xf7,0xc9,0xe1,0x06,0x03,0x7e,0x12,
  0x23,0x1c,0x10,0xfa,0xe9,0xc3,0x2d,0x20,0x00,0x01,0x02,0x03,0x04,0x05,0x06,0x07,
  0x08,0x09,0x0a,0x0b,0x0c,0x0d,0x0e,0x0f,0x10,0x11,0x12,0x13,0x14,0x01,0x03,0x04,
  0x06,0x07,0x08,0x09,0x0a,0x0b,0x0c,0x0d,0x0e,0x0f,0x10,0x11,0x14,0xf5,0x32,0xc0,
  0x50,0xaf,0x32,0x00,0x50,0xf3,0xc5,0xd5,0xe5,0xdd,0xe5,0xfd,0xe5,0x21,0x8c,0x4e,
  0x11,0x50,0x50,0x01,0x10,0x00,0xed,0xb0,0x3a,0xcc,0x4e,0xa7,0x3a,0xcf,0x4e,0x20,
  0x03,0x3a,0x9f,0x4e,0x32,0x45,0x50,0x3a,0xdc,0x4e,0xa7,0x3a,0xdf,0x4e,0x20,0x03,
  0x3a,0xaf,0x4e,0x32,0x4a,0x50,0x3a,0xec,0x4e,0xa7,0x3a,0xef,0x4e,0x20,0x03,0x3a,
  0xbf,0x4e,0x32,0x4f,0x50,0x21,0x02,0x4c,0x11,0x22,0x4c,0x01,0x1c,0x00,0xed,0xb0,
  0xdd,0x21,0x20,0x4c,0xdd,0x7e,0x02,0x07,0x07,0xdd,0x77,0x02,0xdd,0x7e,0x04,0x07,
  0x07,0xdd,0x77,0x04,0xdd,0x7e,0x06,0x07,0x07,0xdd,0x77,0x06,0xdd,0x7e,0x08,0x07,
  0x07,0xdd,0x77,0x08,0xdd,0x7e,0x0a,0x07,0x07,0xdd,0x77,0x0a,0xdd,0x7e,0x0c,0x07,
  0x07,0xdd,0x77,0x0c,0x3a,0xd1,0x4d,0xfe,0x01,0x20,0x38,0xdd,0x21,0x20,0x4c,0x3a,
  0xa4,0x4d,0x87,0x5f,0x16,0x00,0xdd,0x19,0x2a,0x24,0x4c,0xed,0x5b,0x34,0x4c,0xdd,
  0x7e,0x00,0x32,0x24,0x4c,0xdd,0x7e,0x01,0x32,0x25,0x4c,0xdd,0x7e,0x10,0x32,0x34,
  0x4c,0xdd,0x7e,0x11,0x32,0x35,0x4c,0xdd,0x75,0x00,0xdd,0x74,0x01,0xdd,0x73,0x10,
  0xdd,0x72,0x11,0x3a,0xa6,0x4d,0xa7,0xca,0x76,0x01,0xed,0x4b,0x22,0x4c,0xed,0x5b,
  0x32,0x4c,0x2a,0x2a,0x4c,0x22,0x22,0x4c,0x2a,0x3a,0x4c,0x22,0x32,0x4c,0xed,0x43,
  0x2a,0x4c,0xed,0x53,0x3a,0x4c,0x21,0x22,0x4c,0x11,0xf2,0x4f,0x01,0x0c,0x00,0xed,
  0xb0,0x21,0x32,0x4c,0x11,0x62,0x50,0x01,0x0c,0x00,0xed,0xb0,0xcd,0xdc,0x01,0xcd,
  0x21,0x02,0xcd,0xc8,0x03,0x3a,0x00,0x4e,0xa7,0x28,0x12,0xcd,0x9d,0x03,0xcd,0x90,
  0x14,0xcd,0x1f,0x14,0xcd,0x67,0x02,0xcd,0xad,0x02,0xcd,0xfd,0x02,0x3a,0x00,0x4e,
  0x3d,0x20,0x06,0x32,0xac,0x4e,0x32,0xbc,0x4e,0xcd,0x0c,0x2d,0xcd,0xc1,0x2c,0xfd,
  0xe1,0xdd,0xe1,0xe1,0xd1,0xc1,0x3a,0x00,0x4e,0xa7,0x28,0x08,0x3a,0x40,0x50,0xe6,
  0x10,0xca,0x00,0x00,0x3e,0x01,0x32,0x00,0x50,0xfb,0xf1,0xc9,0x21,0x84,0x4c,0x34,
  0x23,0x35,0x23,0x11,0x19,0x02,0x01,0x01,0x04,0x34,0x7e,0xe6,0x0f,0xeb,0xbe,0x20,
  0x13,0x0c,0x1a,0xc6,0x10,0xe6,0xf0,0x12,0x23,0xbe,0x20,0x08,0x0c,0xeb,0x36,0x00,
  0x23,0x13,0x10,0xe5,0x21,0x8a,0x4c,0x71,0x2c,0x7e,0x87,0x87,0x86,0x3c,0x77,0x2c,
  0x7e,0x87,0x86,0x87,0x87,0x86,0x3c,0x77,0xc9,0x06,0xa0,0x0a,0x60,0x0a,0x60,0x0a,
  0xa0,0x21,0x90,0x4c,0x3a,0x8a,0x4c,0x4f,0x06,0x10,0x7e,0xa7,0x28,0x2f,0xe6,0xc0,
  0x07,0x07,0xb9,0x30,0x28,0x35,0x7e,0xe6,0x3f,0x20,0x22,0x77,0xc5,0xe5,0x2c,0x7e,
  0x2c,0x46,0x21,0x5b,0x02,0xe5,0xe7,0x94,0x08,0xa3,0x06,0x8e,0x05,0x72,0x12,0x00,
  0x10,0x0b,0x10,0x63,0x02,0x2b,0x21,0xf0,0x21,0xb9,0x22,0xe1,0xc1,0x2c,0x2c,0x2c,
  0x10,0xc8,0xc9,0xef,0x1c,0x86,0xc9,0x3a,0x6e,0x4e,0xfe,0x99,0x17,0x32,0x06,0x50,
  0x1f,0xd0,0x3a,0x00,0x50,0x47,0xcb,0x00,0x3a,0x66,0x4e,0x17,0xe6,0x0f,0x32,0x66,
  0x4e,0xd6,0x0c,0xcc,0xdf,0x02,0xcb,0x00,0x3a,0x67,0x4e,0x17,0xe6,0x0f,0x32,0x67,
  0x4e,0xd6,0x0c,0xc2,0x9a,0x02,0x21,0x69,0x4e,0x34,0xcb,0x00,0x3a,0x68,0x4e,0x17,
  0xe6,0x0f,0x32,0x68,0x4e,0xd6,0x0c,0xc0,0x21,0x69,0x4e,0x34,0xc9,0x3a,0x69,0x4e,
  0xa7,0xc8,0x47,0x3a,0x6a,0x4e,0x5f,0xfe,0x00,0xc2,0xc4,0x02,0x3e,0x01,0x32,0x07,
  0x50,0xcd,0xdf,0x02,0x7b,0xfe,0x08,0xc2,0xce,0x02,0xaf,0x32,0x07,0x50,0x1c,0x7b,
  0x32,0x6a,0x4e,0xd6,0x10,0xc0,0x32,0x6a,0x4e,0x05,0x78,0x32,0x69,0x4e,0xc9,0x3a,
  0x6b,0x4e,0x21,0x6c,0x4e,0x34,0x96,0xc0,0x77,0x3a,0x6d,0x4e,0x21,0x6e,0x4e,0x86,
  0x27,0xd2,0xf6,0x02,0x3e,0x99,0x77,0x21,0x9c,0x4e,0xcb,0xce,0xc9,0x21,0xce,0x4d,
  0x34,0x7e,0xe6,0x0f,0x20,0x1f,0x7e,0x0f,0x0f,0x0f,0x0f,0x47,0x3a,0xd6,0x4d,0x2f,
  0xb0,0x4f,0x3a,0x6e,0x4e,0xd6,0x01,0x30,0x02,0xaf,0x4f,0x28,0x01,0x79,0x32,0x05,
  0x50,0x79,0x32,0x04,0x50,0xdd,0x21,0xd8,0x43,0xfd,0x21,0xc5,0x43,0x3a,0x00,0x4e,
  0xfe,0x03,0xca,0x44,0x03,0x3a,0x03,0x4e,0xfe,0x02,0xd2,0x44,0x03,0xcd,0x69,0x03,
  0xcd,0x76,0x03,0xc9,0x3a,0x09,0x4e,0xa7,0x3a,0xce,0x4d,0xc2,0x59,0x03,0xcb,0x67,
  0xcc,0x69,0x03,0xc4,0x83,0x03,0xc3,0x61,0x03,0xcb,0x67,0xcc,0x76,0x03,0xc4,0x90,
  0x03,0x3a,0x70,0x4e,0xa7,0xcc,0x90,0x03,0xc9,0xdd,0x36,0x00,0x50,0xdd,0x36,0x01,
  0x55,0xdd,0x36,0x02,0x31,0xc9,0xfd,0x36,0x00,0x50,0xfd,0x36,0x01,0x55,0xfd,0x36,
  0x02,0x32,0xc9,0xdd,0x36,0x00,0x40,0xdd,0x36,0x01,0x40,0xdd,0x36,0x02,0x40,0xc9,
  0xfd,0x36,0x00,0x40,0xfd,0x36,0x01,0x40,0xfd,0x36,0x02,0x40,0xc9,0x3a,0x06,0x4e,
  0xd6,0x05,0xd8,0x2a,0x08,0x4d,0x06,0x08,0x0e,0x10,0x7d,0x32,0x06,0x4d,0x32,0xd2,
  0x4d,0x91,0x32,0x02,0x4d,0x32,0x04,0x4d,0x7c,0x80,0x32,0x03,0x4d,0x32,0x07,0x4d,
  0x91,0x32,0x05,0x4d,0x32,0xd3,0x4d,0xc9,0x3a,0x00,0x4e,0xe7,0xd4,0x03,0xfe,0x03,
  0xe5,0x05,0xbe,0x06,0x3a,0x01,0x4e,0xe7,0xdc,0x03,0x0c,0x00,0xef,0x00,0x00,0xef,
  0x06,0x00,0xef,0x01,0x00,0xef,0x14,0x00,0xef,0x18,0x00,0xef,0x04,0x00,0xef,0x1e,
  0x00,0xef,0x07,0x00,0x21,0x01,0x4e,0x34,0x21,0x01,0x50,0x36,0x01,0xc9,0xcd,0xa1,
  0x2b,0x3a,0x6e,0x4e,0xa7,0x28,0x0c,0xaf,0x32,0x04,0x4e,0x32,0x02,0x4e,0x21,0x00,
  0x4e,0x34,0xc9,0x3a,0x02,0x4e,0xe7,0x5f,0x04,0x0c,0x00,0x71,0x04,0x0c,0x00,0x7f,
  0x04,0x0c,0x00,0x85,0x04,0x0c,0x00,0x8b,0x04,0x0c,0x00,0x99,0x04,0x0c,0x00,0x9f,
  0x04,0x0c,0x00,0xa5,0x04,0x0c,0x00,0xb3,0x04,0x0c,0x00,0xb9,0x04,0x0c,0x00,0xbf,
  0x04,0x0c,0x00,0xcd,0x04,0x0c,0x00,0xd3,0x04,0x0c,0x00,0xd8,0x04,0x0c,0x00,0xe0,
  0x04,0x0c,0x00,0x1c,0x05,0x4b,0x05,0x56,0x05,0x61,0x05,0x6c,0x05,0x7c,0x05,0xef,
  0x00,0x01,0xef,0x01,0x00,0xef,0x04,0x00,0xef,0x1e,0x00,0x0e,0x0c,0xcd,0x85,0x05,
  0xc9,0x21,0x04,0x43,0x3e,0x01,0xcd,0xbf,0x05,0x0e,0x0c,0xcd,0x85,0x05,0xc9,0x0e,
  0x14,0xcd,0x93,0x05,0xc9,0x0e,0x0d,0xcd,0x93,0x05,0xc9,0x21,0x07,0x43,0x3e,0x03,
  0xcd,0xbf,0x05,0x0e,0x0c,0xcd,0x85,0x05,0xc9,0x0e,0x16,0xcd,0x93,0x05,0xc9,0x0e,
  0x0f,0xcd,0x93,0x05,0xc9,0x21,0x0a,0x43,0x3e,0x05,0xcd,0xbf,0x05,0x0e,0x0c,0xcd,
  0x85,0x05,0xc9,0x0e,0x33,0xcd,0x93,0x05,0xc9,0x0e,0x2f,0xcd,0x93,0x05,0xc9,0x21,
  0x0d,0x43,0x3e,0x07,0xcd,0xbf,0x05,0x0e,0x0c,0xcd,0x85,0x05,0xc9,0x0e,0x35,0xcd,
  0x93,0x05,0xc9,0x0e,0x31,0xc3,0x80,0x05,0xef,0x1c,0x11,0x0e,0x12,0xc3,0x85,0x05,
  0x0e,0x13,0xcd,0x85,0x05,0xcd,0x79,0x08,0x35,0xef,0x11,0x00,0xef,0x05,0x01,0xef,
  0x10,0x14,0xef,0x04,0x01,0x3e,0x01,0x32,0x14,0x4e,0xaf,0x32,0x70,0x4e,0x32,0x15,
  0x4e,0x21,0x32,0x43,0x36,0x14,0x3e,0xfc,0x11,0x20,0x00,0x06,0x1c,0xdd,0x21,0x40,
  0x40,0xdd,0x77,0x11,0xdd,0x77,0x13,0xdd,0x19,0x10,0xf6,0xc9,0x21,0xa0,0x4d,0x06,
  0x21,0x3a,0x3a,0x4d,0x90,0x20,0x05,0x36,0x01,0xc3,0x8e,0x05,0xcd,0x17,0x10,0xcd,
  0x17,0x10,0xcd,0x23,0x0e,0xcd,0x0d,0x0c,0xcd,0xd6,0x0b,0xcd,0xa5,0x05,0xcd,0xfe,
  0x1e,0xcd,0x25,0x1f,0xcd,0x4c,0x1f,0xcd,0x73,0x1f,0xc9,0x21,0xa1,0x4d,0x06,0x20,
  0x3a,0x32,0x4d,0xc3,0x24,0x05,0x21,0xa2,0x4d,0x06,0x22,0x3a,0x32,0x4d,0xc3,0x24,
  0x05,0x21,0xa3,0x4d,0x06,0x24,0x3a,0x32,0x4d,0xc3,0x24,0x05,0x3a,0xd0,0x4d,0x47,
  0x3a,0xd1,0x4d,0x80,0xfe,0x06,0xca,0x8e,0x05,0xc3,0x2c,0x05,0xcd,0xbe,0x06,0xc9,
  0x3a,0x75,0x4e,0x81,0x4f,0x06,0x1c,0xcd,0x42,0x00,0xf7,0x4a,0x02,0x00,0x21,0x02,
  0x4e,0x34,0xc9,0x3a,0x75,0x4e,0x81,0x4f,0x06,0x1c,0xcd,0x42,0x00,0xf7,0x45,0x02,
  0x00,0xcd,0x8e,0x05,0xc9,0x3a,0xb5,0x4d,0xa7,0xc8,0xaf,0x32,0xb5,0x4d,0x3a,0x30,
  0x4d,0xee,0x02,0x32,0x3c,0x4d,0x47,0x21,0xff,0x32,0xdf,0x22,0x26,0x4d,0xc9,0x36,
  0xb1,0x2c,0x36,0xb3,0x2c,0x36,0xb5,0x01,0x1e,0x00,0x09,0x36,0xb0,0x2c,0x36,0xb2,
  0x2c,0x36,0xb4,0x11,0x00,0x04,0x19,0x77,0x2d,0x77,0x2d,0x77,0xa7,0xed,0x42,0x77,
  0x2d,0x77,0x2d,0x77,0xc9,0x3a,0x03,0x4e,0xe7,0xf3,0x05,0x1b,0x06,0x74,0x06,0x0c,
  0x00,0xa8,0x06,0xcd,0xa1,0x2b,0xef,0x00,0x01,0xef,0x01,0x00,0xef,0x1c,0x07,0xef,
  0x1c,0x0b,0xef,0x1e,0x00,0x21,0x03,0x4e,0x34,0x3e,0x01,0x32,0xd6,0x4d,0x3a,0x71,
  0x4e,0xfe,0xff,0xc8,0xef,0x1c,0x0a,0xef,0x1f,0x00,0xc9,0xcd,0xa1,0x2b,0x3a,0x6e,
  0x4e,0xfe,0x01,0x06,0x09,0x20,0x02,0x06,0x08,0xcd,0x5e,0x2c,0x3a,0x6e,0x4e,0xfe,
  0x01,0x3a,0x40,0x50,0x28,0x0c,0xcb,0x77,0x20,0x08,0x3e,0x01,0x32,0x70,0x4e,0xc3,
  0x49,0x06,0xcb,0x6f,0xc0,0xaf,0x32,0x70,0x4e,0x3a,0x6b,0x4e,0xa7,0x28,0x15,0x3a,
  0x70,0x4e,0xa7,0x3a,0x6e,0x4e,0x28,0x03,0xc6,0x99,0x27,0xc6,0x99,0x27,0x32,0x6e,
  0x4e,0xcd,0xa1,0x2b,0x21,0x03,0x4e,0x34,0xaf,0x32,0xd6,0x4d,0x3c,0x32,0xcc,0x4e,
  0x32,0xdc,0x4e,0xc9,0xef,0x00,0x01,0xef,0x01,0x01,0xef,0x02,0x00,0xef,0x12,0x00,
  0xef,0x03,0x00,0xef,0x1c,0x03,0xef,0x1c,0x06,0xef,0x18,0x00,0xef,0x1b,0x00,0xaf,
  0x32,0x13,0x4e,0x3a,0x6f,0x4e,0x32,0x14,0x4e,0x32,0x15,0x4e,0xef,0x1a,0x00,0xf7,
  0x57,0x01,0x00,0x21,0x03,0x4e,0x34,0xc9,0x21,0x15,0x4e,0x35,0xcd,0x6a,0x2b,0xaf,
  0x32,0x03,0x4e,0x32,0x02,0x4e,0x32,0x04,0x4e,0x21,0x00,0x4e,0x34,0xc9,0x3a,0x04,
  0x4e,0xe7,0x79,0x08,0x99,0x08,0x0c,0x00,0xcd,0x08,0x0d,0x09,0x0c,0x00,0x40,0x09,
  0x0c,0x00,0x72,0x09,0x88,0x09,0x0c,0x00,0xd2,0x09,0xd8,0x09,0x0c,0x00,0xe8,0x09,
  0x0c,0x00,0xfe,0x09,0x0c,0x00,0x02,0x0a,0x0c,0x00,0x04,0x0a,0x0c,0x00,0x06,0x0a,
  0x0c,0x00,0x08,0x0a,0x0c,0x00,0x0a,0x0a,0x0c,0x00,0x0c,0x0a,0x0c,0x00,0x0e,0x0a,
  0x0c,0x00,0x2c,0x0a,0x0c,0x00,0x7c,0x0a,0xa0,0x0a,0x0c,0x00,0xa3,0x0a,0x78,0xa7,
  0x20,0x04,0x2a,0x0a,0x4e,0x7e,0xdd,0x21,0x96,0x07,0x47,0x87,0x87,0x80,0x80,0x5f,
  0x16,0x00,0xdd,0x19,0xdd,0x7e,0x00,0x87,0x47,0x87,0x87,0x4f,0x87,0x87,0x81,0x80,
  0x5f,0x16,0x00,0x21,0x0f,0x33,0x19,0xcd,0x14,0x08,0xdd,0x7e,0x01,0x32,0xb0,0x4d,
  0xdd,0x7e,0x02,0x47,0x87,0x80,0x5f,0x16,0x00,0x21,0x43,0x08,0x19,0xcd,0x3a,0x08,
  0xdd,0x7e,0x03,0x87,0x5f,0x16,0x00,0xfd,0x21,0x4f,0x08,0xfd,0x19,0xfd,0x6e,0x00,
  0xfd,0x66,0x01,0x22,0xbb,0x4d,0xdd,0x7e,0x04,0x87,0x5f,0x16,0x00,0xfd,0x21,0x61,
  0x08,0xfd,0x19,0xfd,0x6e,0x00,0xfd,0x66,0x01,0x22,0xbd,0x4d,0xdd,0x7e,0x05,0x87,
  0x5f,0x16,0x00,0xfd,0x21,0x73,0x08,0xfd,0x19,0xfd,0x6e,0x00,0xfd,0x66,0x01,0x22,
  0x95,0x4d,0xcd,0xea,0x2b,0xc9,0x03,0x01,0x01,0x00,0x02,0x00,0x04,0x01,0x02,0x01,
  0x03,0x00,0x04,0x01,0x03,0x02,0x04,0x01,0x04,0x02,0x03,0x02,0x05,0x01,0x05,0x00,
  0x03,0x02,0x06,0x02,0x05,0x01,0x03,0x03,0x03,0x02,0x05,0x02,0x03,0x03,0x06,0x02,
  0x05,0x02,0x03,0x03,0x06,0x02,0x05,0x00,0x03,0x04,0x07,0x02,0x05,0x01,0x03,0x04,
  0x03,0x02,0x05,0x02,0x03,0x04,0x06,0x02,0x05,0x02,0x03,0x05,0x07,0x02,0x05,0x00,
  0x03,0x05,0x07,0x02,0x05,0x02,0x03,0x05,0x05,0x02,0x05,0x01,0x03,0x06,0x07,0x02,
  0x05,0x02,0x03,0x06,0x07,0x02,0x05,0x02,0x03,0x06,0x08,0x02,0x05,0x02,0x03,0x06,
  0x07,0x02,0x05,0x02,0x03,0x07,0x08,0x02,0x05,0x02,0x03,0x07,0x08,0x02,0x06,0x02,
  0x03,0x07,0x08,0x02,0x11,0x46,0x4d,0x01,0x1c,0x00,0xed,0xb0,0x01,0x0c,0x00,0xa7,
  0xed,0x42,0xed,0xb0,0x01,0x0c,0x00,0xa7,0xed,0x42,0xed,0xb0,0x01,0x0c,0x00,0xa7,
  0xed,0x42,0xed,0xb0,0x01,0x0e,0x00,0xed,0xb0,0xc9,0x11,0xb8,0x4d,0x01,0x03,0x00,
  0xed,0xb0,0xc9,0x14,0x1e,0x46,0x00,0x1e,0x3c,0x00,0x00,0x32,0x00,0x00,0x00,0x14,
  0x0a,0x1e,0x0f,0x28,0x14,0x32,0x19,0x3c,0x1e,0x50,0x28,0x64,0x32,0x78,0x3c,0x8c,
  0x46,0xc0,0x03,0x48,0x03,0xd0,0x02,0x58,0x02,0xe0,0x01,0x68,0x01,0xf0,0x00,0x78,
  0x00,0x01,0x00,0xf0,0x00,0xf0,0x00,0xb4,0x00,0x21,0x09,0x4e,0xaf,0x06,0x0b,0xcf,
  0xcd,0xc9,0x24,0x2a,0x73,0x4e,0x22,0x0a,0x4e,0x21,0x0a,0x4e,0x11,0x38,0x4e,0x01,
  0x2e,0x00,0xed,0xb0,0x21,0x04,0x4e,0x34,0xc9,0x3a,0x00,0x4e,0x3d,0x20,0x06,0x3e,
  0x09,0x32,0x04,0x4e,0xc9,0xef,0x11,0x00,0xef,0x1c,0x83,0xef,0x04,0x00,0xef,0x05,
  0x00,0xef,0x10,0x00,0xef,0x1a,0x00,0xf7,0x54,0x00,0x00,0xf7,0x54,0x06,0x00,0x3a,
  0x72,0x4e,0x47,0x3a,0x09,0x4e,0xa0,0x32,0x03,0x50,0xc3,0x94,0x08,0x3a,0x00,0x50,
  0xcb,0x67,0xc2,0xde,0x08,0x21,0x04,0x4e,0x36,0x0e,0xef,0x13,0x00,0xc9,0x3a,0x0e,
  0x4e,0xfe,0xf4,0x20,0x06,0x21,0x04,0x4e,0x36,0x0c,0xc9,0xcd,0x17,0x10,0xcd,0x17,
  0x10,0xcd,0xdd,0x13,0xcd,0x42,0x0c,0xcd,0x23,0x0e,0xcd,0x36,0x0e,0xcd,0xc3,0x0a,
  0xcd,0xd6,0x0b,0xcd,0x0d,0x0c,0xcd,0x6c,0x0e,0xcd,0xad,0x0e,0xc9,0x3e,0x01,0x32,
  0x12,0x4e,0xcd,0x87,0x24,0x21,0x04,0x4e,0x34,0x3a,0x14,0x4e,0xa7,0x20,0x1f,0x3a,
  0x70,0x4e,0xa7,0x28,0x19,0x3a,0x42,0x4e,0xa7,0x28,0x13,0x3a,0x09,0x4e,0xc6,0x03,
  0x4f,0x06,0x1c,0xcd,0x42,0x00,0xef,0x1c,0x05,0xf7,0x54,0x00,0x00,0xc9,0x34,0xc9,
  0x3a,0x70,0x4e,0xa7,0x28,0x06,0x3a,0x42,0x4e,0xa7,0x20,0x15,0x3a,0x14,0x4e,0xa7,
  0x20,0x1a,0xcd,0xa1,0x2b,0xef,0x1c,0x05,0xf7,0x54,0x00,0x00,0x21,0x04,0x4e,0x34,
  0xc9,0xcd,0xa6,0x0a,0x3a,0x09,0x4e,0xee,0x01,0x32,0x09,0x4e,0x3e,0x09,0x32,0x04,
  0x4e,0xc9,0xaf,0x32,0x02,0x4e,0x32,0x04,0x4e,0x32,0x70,0x4e,0x32,0x09,0x4e,0x32,
  0x03,0x50,0x3e,0x01,0x32,0x00,0x4e,0xc9,0xef,0x00,0x01,0xef,0x01,0x01,0xef,0x02,
  0x00,0xef,0x11,0x00,0xef,0x13,0x00,0xef,0x03,0x00,0xef,0x04,0x00,0xef,0x05,0x00,
  0xef,0x10,0x00,0xef,0x1a,0x00,0xef,0x1c,0x06,0x3a,0x00,0x4e,0xfe,0x03,0x28,0x06,
  0xef,0x1c,0x05,0xef,0x1d,0x00,0xf7,0x54,0x00,0x00,0x3a,0x00,0x4e,0x3d,0x28,0x04,
  0xf7,0x54,0x06,0x00,0x3a,0x72,0x4e,0x47,0x3a,0x09,0x4e,0xa0,0x32,0x03,0x50,0xc3,
  0x94,0x08,0x3e,0x03,0x32,0x04,0x4e,0xc9,0xf7,0x54,0x00,0x00,0x21,0x04,0x4e,0x34,
  0xaf,0x32,0xac,0x4e,0x32,0xbc,0x4e,0xc9,0x0e,0x02,0x06,0x01,0xcd,0x42,0x00,0xf7,
  0x42,0x00,0x00,0x21,0x00,0x00,0xcd,0x7e,0x26,0x21,0x04,0x4e,0x34,0xc9,0x0e,0x00,
  0x18,0xe8,0x18,0xe4,0x18,0xf8,0x18,0xe0,0x18,0xf4,0x18,0xdc,0x18,0xf0,0xef,0x00,
  0x01,0xef,0x06,0x00,0xef,0x11,0x00,0xef,0x13,0x00,0xef,0x04,0x01,0xef,0x05,0x01,
  0xef,0x10,0x13,0xf7,0x43,0x00,0x00,0x21,0x04,0x4e,0x34,0xc9,0xaf,0x32,0xac,0x4e,
  0x32,0xbc,0x4e,0x3e,0x02,0x32,0xcc,0x4e,0x32,0xdc,0x4e,0x3a,0x13,0x4e,0xfe,0x14,
  0x38,0x02,0x3e,0x14,0xe7,0x6f,0x0a,0x08,0x21,0x6f,0x0a,0x6f,0x0a,0x9e,0x21,0x6f,
  0x0a,0x6f,0x0a,0x6f,0x0a,0x97,0x22,0x6f,0x0a,0x6f,0x0a,0x6f,0x0a,0x97,0x22,0x6f,
  0x0a,0x6f,0x0a,0x6f,0x0a,0x97,0x22,0x6f,0x0a,0x6f,0x0a,0x6f,0x0a,0x6f,0x0a,0x21,
  0x04,0x4e,0x34,0x34,0xaf,0x32,0xcc,0x4e,0x32,0xdc,0x4e,0xc9,0xaf,0x32,0xcc,0x4e,
  0x32,0xdc,0x4e,0x06,0x07,0x21,0x0c,0x4e,0xcf,0xcd,0xc9,0x24,0x21,0x04,0x4e,0x34,
  0x21,0x13,0x4e,0x34,0x2a,0x0a,0x4e,0x7e,0xfe,0x14,0xc8,0x23,0x22,0x0a,0x4e,0xc9,
  0xc3,0x88,0x09,0xc3,0xd2,0x09,0x06,0x2e,0xdd,0x21,0x0a,0x4e,0xfd,0x21,0x38,0x4e,
  0xdd,0x56,0x00,0xfd,0x5e,0x00,0xfd,0x72,0x00,0xdd,0x73,0x00,0xdd,0x23,0xfd,0x23,
  0x10,0xee,0xc9,0x3a,0xa4,0x4d,0xa7,0xc0,0xdd,0x21,0x00,0x4c,0xfd,0x21,0xc8,0x4d,
  0x11,0x00,0x01,0xfd,0xbe,0x00,0xc2,0xd2,0x0b,0xfd,0x36,0x00,0x0e,0x3a,0xa6,0x4d,
  0xa7,0x28,0x1b,0x2a,0xcb,0x4d,0xa7,0xed,0x52,0x30,0x13,0x21,0xac,0x4e,0xcb,0xfe,
  0x3e,0x09,0xdd,0xbe,0x0b,0x20,0x04,0xcb,0xbe,0x3e,0x09,0x32,0x0b,0x4c,0x3a,0xa7,
  0x4d,0xa7,0x28,0x1d,0x2a,0xcb,0x4d,0xa7,0xed,0x52,0x30,0x27,0x3e,0x11,0xdd,0xbe,
  0x03,0x28,0x07,0xdd,0x36,0x03,0x11,0xc3,0x33,0x0b,0xdd,0x36,0x03,0x12,0xc3,0x33,
  0x0b,0x3e,0x01,0xdd,0xbe,0x03,0x28,0x07,0xdd,0x36,0x03,0x01,0xc3,0x33,0x0b,0xdd,
  0x36,0x03,0x01,0x3a,0xa8,0x4d,0xa7,0x28,0x1d,0x2a,0xcb,0x4d,0xa7,0xed,0x52,0x30,
  0x27,0x3e,0x11,0xdd,0xbe,0x05,0x28,0x07,0xdd,0x36,0x05,0x11,0xc3,0x68,0x0b,0xdd,
  0x36,0x05,0x12,0xc3,0x68,0x0b,0x3e,0x03,0xdd,0xbe,0x05,0x28,0x07,0xdd,0x36,0x05,
  0x03,0xc3,0x68,0x0b,0xdd,0x36,0x05,0x03,0x3a,0xa9,0x4d,0xa7,0x28,0x1d,0x2a,0xcb,
  0x4d,0xa7,0xed,0x52,0x30,0x27,0x3e,0x11,0xdd,0xbe,0x07,0x28,0x07,0xdd,0x36,0x07,
  0x11,0xc3,0x9d,0x0b,0xdd,0x36,0x07,0x12,0xc3,0x9d,0x0b,0x3e,0x05,0xdd,0xbe,0x07,
  0x28,0x07,0xdd,0x36,0x07,0x05,0xc3,0x9d,0x0b,0xdd,0x36,0x07,0x05,0x3a,0xaa,0x4d,
  0xa7,0x28,0x1d,0x2a,0xcb,0x4d,0xa7,0xed,0x52,0x30,0x27,0x3e,0x11,0xdd,0xbe,0x09,
  0x28,0x07,0xdd,0x36,0x09,0x11,0xc3,0xd2,0x0b,0xdd,0x36,0x09,0x12,0xc3,0xd2,0x0b,
  0x3e,0x07,0xdd,0xbe,0x09,0x28,0x07,0xdd,0x36,0x09,0x07,0xc3,0xd2,0x0b,0xdd,0x36,
  0x09,0x07,0xfd,0x35,0x00,0xc9,0x06,0x19,0x3a,0x02,0x4e,0xfe,0x22,0xc2,0xe2,0x0b,
  0x06,0x00,0xdd,0x21,0x00,0x4c,0x3a,0xac,0x4d,0xa7,0xca,0xf0,0x0b,0xdd,0x70,0x03,
  0x3a,0xad,0x4d,0xa7,0xca,0xfa,0x0b,0xdd,0x70,0x05,0x3a,0xae,0x4d,0xa7,0xca,0x04,
  0x0c,0xdd,0x70,0x07,0x3a,0xaf,0x4d,0xa7,0xc8,0xdd,0x70,0x09,0xc9,0x21,0xcf,0x4d,
  0x34,0x3e,0x0a,0xbe,0xc0,0x36,0x00,0x3a,0x04,0x4e,0xfe,0x03,0x20,0x15,0x21,0x64,
  0x44,0x3e,0x10,0xbe,0x20,0x02,0x3e,0x00,0x77,0x32,0x78,0x44,0x32,0x84,0x47,0x32,
  0x98,0x47,0xc9,0x21,0x32,0x47,0x3e,0x10,0xbe,0x20,0x02,0x3e,0x00,0x77,0x32,0x78,
  0x46,0xc9,0x3a,0xa4,0x4d,0xa7,0xc0,0x3a,0x94,0x4d,0x07,0x32,0x94,0x4d,0xd0,0x3a,
  0xa0,0x4d,0xa7,0xc2,0x90,0x0c,0xdd,0x21,0x05,0x33,0xfd,0x21,0x00,0x4d,0xcd,0x00,
  0x20,0x22,0x00,0x4d,0x3e,0x03,0x32,0x28,0x4d,0x32,0x2c,0x4d,0x3a,0x00,0x4d,0xfe,
  0x64,0xc2,0x90,0x0c,0x21,0x2c,0x2e,0x22,0x0a,0x4d,0x21,0x00,0x01,0x22,0x14,0x4d,
  0x22,0x1e,0x4d,0x3e,0x02,0x32,0x28,0x4d,0x32,0x2c,0x4d,0x3e,0x01,0x32,0xa0,0x4d,
  0x3a,0xa1,0x4d,0xfe,0x01,0xca,0xfb,0x0c,0xfe,0x00,0xc2,0xc1,0x0c,0x3a,0x02,0x4d,
  0xfe,0x78,0xcc,0x2e,0x1f,0xfe,0x80,0xcc,0x2e,0x1f,0x3a,0x2d,0x4d,0x32,0x29,0x4d,
  0xdd,0x21,0x20,0x4d,0xfd,0x21,0x02,0x4d,0xcd,0x00,0x20,0x22,0x02,0x4d,0xc3,0xfb,
  0x0c,0xdd,0x21,0x05,0x33,0xfd,0x21,0x02,0x4d,0xcd,0x00,0x20,0x22,0x02,0x4d,0x3e,
  0x03,0x32,0x2d,0x4d,0x32,0x29,0x4d,0x3a,0x02,0x4d,0xfe,0x64,0xc2,0xfb,0x0c,0x21,
  0x2c,0x2e,0x22,0x0c,0x4d,0x21,0x00,0x01,0x22,0x16,0x4d,0x22,0x20,0x4d,0x3e,0x02,
  0x32,0x29,0x4d,0x32,0x2d,0x4d,0x3e,0x01,0x32,0xa1,0x4d,0x3a,0xa2,0x4d,0xfe,0x01,
  0xca,0x93,0x0d,0xfe,0x00,0xc2,0x2c,0x0d,0x3a,0x04,0x4d,0xfe,0x78,0xcc,0x55,0x1f,
  0xfe,0x80,0xcc,0x55,0x1f,0x3a,0x2e,0x4d,0x32,0x2a,0x4d,0xdd,0x21,0x22,0x4d,0xfd,
  0x21,0x04,0x4d,0xcd,0x00,0x20,0x22,0x04,0x4d,0xc3,0x93,0x0d,0x3a,0xa2,0x4d,0xfe,
  0x03,0xc2,0x59,0x0d,0xdd,0x21,0xff,0x32,0xfd,0x21,0x04,0x4d,0xcd,0x00,0x20,0x22,
  0x04,0x4d,0xaf,0x32,0x2a,0x4d,0x32,0x2e,0x4d,0x3a,0x05,0x4d,0xfe,0x80,0xc2,0x93,
  0x0d,0x3e,0x02,0x32,0xa2,0x4d,0xc3,0x93,0x0d,0xdd,0x21,0x05,0x33,0xfd,0x21,0x04,
  0x4d,0xcd,0x00,0x20,0x22,0x04,0x4d,0x3e,0x03,0x32,0x2a,0x4d,0x32,0x2e,0x4d,0x3a,
  0x04,0x4d,0xfe,0x64,0xc2,0x93,0x0d,0x21,0x2c,0x2e,0x22,0x0e,0x4d,0x21,0x00,0x01,
  0x22,0x18,0x4d,0x22,0x22,0x4d,0x3e,0x02,0x32,0x2a,0x4d,0x32,0x2e,0x4d,0x3e,0x01,
  0x32,0xa2,0x4d,0x3a,0xa3,0x4d,0xfe,0x01,0xc8,0xfe,0x00,0xc2,0xc0,0x0d,0x3a,0x06,
  0x4d,0xfe,0x78,0xcc,0x7c,0x1f,0xfe,0x80,0xcc,0x7c,0x1f,0x3a,0x2f,0x4d,0x32,0x2b,
  0x4d,0xdd,0x21,0x24,0x4d,0xfd,0x21,0x06,0x4d,0xcd,0x00,0x20,0x22,0x06,0x4d,0xc9,
  0x3a,0xa3,0x4d,0xfe,0x03,0xc2,0xea,0x0d,0xdd,0x21,0x03,0x33,0xfd,0x21,0x06,0x4d,
  0xcd,0x00,0x20,0x22,0x06,0x4d,0x3e,0x02,0x32,0x2b,0x4d,0x32,0x2f,0x4d,0x3a,0x07,
  0x4d,0xfe,0x80,0xc0,0x3e,0x02,0x32,0xa3,0x4d,0xc9,0xdd,0x21,0x05,0x33,0xfd,0x21,
  0x06,0x4d,0xcd,0x00,0x20,0x22,0x06,0x4d,0x3e,0x03,0x32,0x2b,0x4d,0x32,0x2f,0x4d,
  0x3a,0x06,0x4d,0xfe,0x64,0xc0,0x21,0x2c,0x2e,0x22,0x10,0x4d,0x21,0x00,0x01,0x22,
  0x1a,0x4d,0x22,0x24,0x4d,0x3e,0x02,0x32,0x2b,0x4d,0x32,0x2f,0x4d,0x3e,0x01,0x32,
  0xa3,0x4d,0xc9,0x21,0xc4,0x4d,0x34,0x3e,0x08,0xbe,0xc0,0x36,0x00,0x3a,0xc0,0x4d,
  0xee,0x01,0x32,0xc0,0x4d,0xc9,0x3a,0xa6,0x4d,0xa7,0xc0,0x3a,0xc1,0x4d,0xfe,0x07,
  0xc8,0x87,0x2a,0xc2,0x4d,0x23,0x22,0xc2,0x4d,0x5f,0x16,0x00,0xdd,0x21,0x86,0x4d,
  0xdd,0x19,0xdd,0x5e,0x00,0xdd,0x56,0x01,0xa7,0xed,0x52,0xc0,0xcb,0x3f,0x3c,0x32,
  0xc1,0x4d,0x21,0x01,0x01,0x22,0xb1,0x4d,0x22,0xb3,0x4d,0xc9,0x3a,0xa5,0x4d,0xa7,
  0x28,0x05,0xaf,0x32,0xac,0x4e,0xc9,0x21,0xac,0x4e,0x06,0xe0,0x3a,0x0e,0x4e,0xfe,
  0xe4,0x38,0x06,0x78,0xa6,0xcb,0xe7,0x77,0xc9,0xfe,0xd4,0x38,0x06,0x78,0xa6,0xcb,
  0xdf,0x77,0xc9,0xfe,0xb4,0x38,0x06,0x78,0xa6,0xcb,0xd7,0x77,0xc9,0xfe,0x74,0x38,
  0x06,0x78,0xa6,0xcb,0xcf,0x77,0xc9,0x78,0xa6,0xcb,0xc7,0x77,0xc9,0x3a,0xa5,0x4d,
  0xa7,0xc0,0x3a,0xd4,0x4d,0xa7,0xc0,0x3a,0x0e,0x4e,0xfe,0x46,0x28,0x0e,0xfe,0xaa,
  0xc0,0x3a,0x0d,0x4e,0xa7,0xc0,0x21,0x0d,0x4e,0x34,0x18,0x09,0x3a,0x0c,0x4e,0xa7,
  0xc0,0x21,0x0c,0x4e,0x34,0x21,0x94,0x80,0x22,0xd2,0x4d,0x21,0xfd,0x0e,0x3a,0x13,
  0x4e,0xfe,0x14,0x38,0x02,0x3e,0x14,0x47,0x87,0x80,0xd7,0x32,0x0c,0x4c,0x23,0x7e,
  0x32,0x0d,0x4c,0x23,0x7e,0x32,0xd4,0x4d,0xf7,0x8a,0x04,0x00,0xc9,0x00,0x14,0x06,
  0x01,0x0f,0x07,0x02,0x15,0x08,0x02,0x15,0x08,0x04,0x14,0x09,0x04,0x14,0x09,0x05,
  0x17,0x0a,0x05,0x17,0x0a,0x06,0x09,0x0b,0x06,0x09,0x0b,0x03,0x16,0x0c,0x03,0x16,
  0x0c,0x07,0x16,0x0d,0x07,0x16,0x0d,0x07,0x16,0x0d,0x07,0x16,0x0d,0x07,0x16,0x0d,
  0x07,0x16,0x0d,0x07,0x16,0x0d,0x07,0x16,0x0d,0x07,0x16,0x0d,0x00,0x00,0x00,0x00,
  0x00,0x00,0x00,0x00,0x00,0x00,0x00,0x00,0x00,0x00,0x00,0x00,0x00,0x00,0x00,0x00,
  0x00,0x00,0x00,0x00,0x00,0x00,0x00,0x00,0x00,0x00,0x00,0x00,0x00,0x00,0x00,0x00,
  0x00,0x00,0x00,0x00,0x00,0x00,0x00,0x00,0x00,0x00,0x00,0x00,0x00,0x00,0x00,0x00,
  0x00,0x00,0x00,0x00,0x00,0x00,0x00,0x00,0x00,0x00,0x00,0x00,0x00,0x00,0x00,0x00,
  0x00,0x00,0x00,0x00,0x00,0x00,0x00,0x00,0x00,0x00,0x00,0x00,0x00,0x00,0x00,0x00,
  0x00,0x00,0x00,0x00,0x00,0x00,0x00,0x00,0x00,0x00,0x00,0x00,0x00,0x00,0x00,0x00,
  0x00,0x00,0x00,0x00,0x00,0x00,0x00,0x00,0x00,0x00,0x00,0x00,0x00,0x00,0x00,0x00,
  0x00,0x00,0x00,0x00,0x00,0x00,0x00,0x00,0x00,0x00,0x00,0x00,0x00,0x00,0x00,0x00,
  0x00,0x00,0x00,0x00,0x00,0x00,0x00,0x00,0x00,0x00,0x00,0x00,0x00,0x00,0x00,0x00,
  0x00,0x00,0x00,0x00,0x00,0x00,0x00,0x00,0x00,0x00,0x00,0x00,0x00,0x00,0x00,0x00,
  0x00,0x00,0x00,0x00,0x00,0x00,0x00,0x00,0x00,0x00,0x00,0x00,0x00,0x00,0x00,0x00,
  0x00,0x00,0x00,0x00,0x00,0x00,0x00,0x00,0x00,0x00,0x00,0x00,0x00,0x00,0x48,0x36,
  0xaf,0x32,0xd4,0x4d,0x21,0x00,0x00,0x22,0xd2,0x4d,0xc9,0xef,0x1c,0x9b,0x3a,0x00,
  0x4e,0x3d,0xc8,0xef,0x1c,0xa2,0xc9,0xcd,0x91,0x12,0x3a,0xa5,0x4d,0xa7,0xc0,0xcd,
  0x66,0x10,0xcd,0x94,0x10,0xcd,0x9e,0x10,0xcd,0xa8,0x10,0xcd,0xb4,0x10,0x3a,0xa4,
  0x4d,0xa7,0xca,0x39,0x10,0xcd,0x35,0x12,0xc9,0xcd,0x1d,0x17,0xcd,0x89,0x17,0x3a,
  0xa4,0x4d,0xa7,0xc0,0xcd,0x06,0x18,0xcd,0x36,0x1b,0xcd,0x4b,0x1c,0xcd,0x22,0x1d,
  0xcd,0xf9,0x1d,0x3a,0x04,0x4e,0xfe,0x03,0xc0,0xcd,0x76,0x13,0xcd,0x69,0x20,0xcd,
  0x8c,0x20,0xcd,0xaf,0x20,0xc9,0x3a,0xab,0x4d,0xa7,0xc8,0x3d,0x20,0x08,0x32,0xab,
  0x4d,0x3c,0x32,0xac,0x4d,0xc9,0x3d,0x20,0x08,0x32,0xab,0x4d,0x3c,0x32,0xad,0x4d,
  0xc9,0x3d,0x20,0x08,0x32,0xab,0x4d,0x3c,0x32,0xae,0x4d,0xc9,0x32,0xaf,0x4d,0x3d,
  0x32,0xab,0x4d,0xc9,0x3a,0xac,0x4d,0xe7,0x0c,0x00,0xc0,0x10,0xd2,0x10,0x3a,0xad,
  0x4d,0xe7,0x0c,0x00,0x18,0x11,0x2a,0x11,0x3a,0xae,0x4d,0xe7,0x0c,0x00,0x5c,0x11,
  0x6e,0x11,0x8f,0x11,0x3a,0xaf,0x4d,0xe7,0x0c,0x00,0xc9,0x11,0xdb,0x11,0xfc,0x11,
  0xcd,0xd8,0x1b,0x2a,0x00,0x4d,0x11,0x64,0x80,0xa7,0xed,0x52,0xc0,0x21,0xac,0x4d,
  0x34,0xc9,0xdd,0x21,0x01,0x33,0xfd,0x21,0x00,0x4d,0xcd,0x00,0x20,0x22,0x00,0x4d,
  0x3e,0x01,0x32,0x28,0x4d,0x32,0x2c,0x4d,0x3a,0x00,0x4d,0xfe,0x80,0xc0,0x21,0x2f,
  0x2e,0x22,0x0a,0x4d,0x22,0x31,0x4d,0xaf,0x32,0xa0,0x4d,0x32,0xac,0x4d,0x32,0xa7,
  0x4d,0xdd,0x21,0xac,0x4d,0xdd,0xb6,0x00,0xdd,0xb6,0x01,0xdd,0xb6,0x02,0xdd,0xb6,
  0x03,0xc0,0x21,0xac,0x4e,0xcb,0xb6,0xc9,0xcd,0xaf,0x1c,0x2a,0x02,0x4d,0x11,0x64,
  0x80,0xa7,0xed,0x52,0xc0,0x21,0xad,0x4d,0x34,0xc9,0xdd,0x21,0x01,0x33,0xfd,0x21,
  0x02,0x4d,0xcd,0x00,0x20,0x22,0x02,0x4d,0x3e,0x01,0x32,0x29,0x4d,0x32,0x2d,0x4d,
  0x3a,0x02,0x4d,0xfe,0x80,0xc0,0x21,0x2f,0x2e,0x22,0x0c,0x4d,0x22,0x33,0x4d,0xaf,
  0x32,0xa1,0x4d,0x32,0xad,0x4d,0x32,0xa8,0x4d,0xc3,0x01,0x11,0xcd,0x86,0x1d,0x2a,
  0x04,0x4d,0x11,0x64,0x80,0xa7,0xed,0x52,0xc0,0x21,0xae,0x4d,0x34,0xc9,0xdd,0x21,
  0x01,0x33,0xfd,0x21,0x04,0x4d,0xcd,0x00,0x20,0x22,0x04,0x4d,0x3e,0x01,0x32,0x2a,
  0x4d,0x32,0x2e,0x4d,0x3a,0x04,0x4d,0xfe,0x80,0xc0,0x21,0xae,0x4d,0x34,0xc9,0xdd,
  0x21,0x03,0x33,0xfd,0x21,0x04,0x4d,0xcd,0x00,0x20,0x22,0x04,0x4d,0x3e,0x02,0x32,
  0x2a,0x4d,0x32,0x2e,0x4d,0x3a,0x05,0x4d,0xfe,0x90,0xc0,0x21,0x2f,0x30,0x22,0x0e,
  0x4d,0x22,0x35,0x4d,0x3e,0x01,0x32,0x2a,0x4d,0x32,0x2e,0x4d,0xaf,0x32,0xa2,0x4d,
  0x32,0xae,0x4d,0x32,0xa9,0x4d,0xc3,0x01,0x11,0xcd,0x5d,0x1e,0x2a,0x06,0x4d,0x11,
  0x64,0x80,0xa7,0xed,0x52,0xc0,0x21,0xaf,0x4d,0x34,0xc9,0xdd,0x21,0x01,0x33,0xfd,
  0x21,0x06,0x4d,0xcd,0x00,0x20,0x22,0x06,0x4d,0x3e,0x01,0x32,0x2b,0x4d,0x32,0x2f,
  0x4d,0x3a,0x06,0x4d,0xfe,0x80,0xc0,0x21,0xaf,0x4d,0x34,0xc9,0xdd,0x21,0xff,0x32,
  0xfd,0x21,0x06,0x4d,0xcd,0x00,0x20,0x22,0x06,0x4d,0xaf,0x32,0x2b,0x4d,0x32,0x2f,
  0x4d,0x3a,0x07,0x4d,0xfe,0x70,0xc0,0x21,0x2f,0x2c,0x22,0x10,0x4d,0x22,0x37,0x4d,
  0x3e,0x01,0x32,0x2b,0x4d,0x32,0x2f,0x4d,0xaf,0x32,0xa3,0x4d,0x32,0xaf,0x4d,0x32,
  0xaa,0x4d,0xc3,0x01,0x11,0x3a,0xd1,0x4d,0xe7,0x3f,0x12,0x0c,0x00,0x3f,0x12,0x21,
  0x00,0x4c,0x3a,0xa4,0x4d,0x87,0x5f,0x16,0x00,0x19,0x3a,0xd1,0x4d,0xa7,0x20,0x27,
  0x3a,0xd0,0x4d,0x06,0x27,0x80,0x47,0x3a,0x72,0x4e,0x4f,0x3a,0x09,0x4e,0xa1,0x28,
  0x04,0xcb,0xf0,0xcb,0xf8,0x70,0x23,0x36,0x18,0x3e,0x00,0x32,0x0b,0x4c,0xf7,0x4a,
  0x03,0x00,0x21,0xd1,0x4d,0x34,0xc9,0x36,0x20,0x3e,0x09,0x32,0x0b,0x4c,0x3a,0xa4,
  0x4d,0x32,0xab,0x4d,0xaf,0x32,0xa4,0x4d,0x32,0xd1,0x4d,0x21,0xac,0x4e,0xcb,0xf6,
  0xc9,0x3a,0xa5,0x4d,0xe7,0x0c,0x00,0xb7,0x12,0xb7,0x12,0xb7,0x12,0xb7,0x12,0xcb,
  0x12,0xf9,0x12,0x06,0x13,0x0e,0x13,0x16,0x13,0x1e,0x13,0x26,0x13,0x2e,0x13,0x36,
  0x13,0x3e,0x13,0x46,0x13,0x53,0x13,0x2a,0xc5,0x4d,0x23,0x22,0xc5,0x4d,0x11,0x78,
  0x00,0xa7,0xed,0x52,0xc0,0x3e,0x05,0x32,0xa5,0x4d,0xc9,0x21,0x00,0x00,0xcd,0x7e,
  0x26,0x3e,0x34,0x11,0xb4,0x00,0x4f,0x3a,0x72,0x4e,0x47,0x3a,0x09,0x4e,0xa0,0x28,
  0x04,0x3e,0xc0,0xb1,0x4f,0x79,0x32,0x0a,0x4c,0x2a,0xc5,0x4d,0x23,0x22,0xc5,0x4d,
  0xa7,0xed,0x52,0xc0,0x21,0xa5,0x4d,0x34,0xc9,0x21,0xbc,0x4e,0xcb,0xe6,0x3e,0x35,
  0x11,0xc3,0x00,0xc3,0xd6,0x12,0x3e,0x36,0x11,0xd2,0x00,0xc3,0xd6,0x12,0x3e,0x37,
  0x11,0xe1,0x00,0xc3,0xd6,0x12,0x3e,0x38,0x11,0xf0,0x00,0xc3,0xd6,0x12,0x3e,0x39,
  0x11,0xff,0x00,0xc3,0xd6,0x12,0x3e,0x3a,0x11,0x0e,0x01,0xc3,0xd6,0x12,0x3e,0x3b,
  0x11,0x1d,0x01,0xc3,0xd6,0x12,0x3e,0x3c,0x11,0x2c,0x01,0xc3,0xd6,0x12,0x3e,0x3d,
  0x11,0x3b,0x01,0xc3,0xd6,0x12,0x21,0xbc,0x4e,0x36,0x20,0x3e,0x3e,0x11,0x59,0x01,
  0xc3,0xd6,0x12,0x3e,0x3f,0x32,0x0a,0x4c,0x2a,0xc5,0x4d,0x23,0x22,0xc5,0x4d,0x11,
  0xb8,0x01,0xa7,0xed,0x52,0xc0,0x21,0x14,0x4e,0x35,0x21,0x15,0x4e,0x35,0xcd,0x75,
  0x26,0x21,0x04,0x4e,0x34,0xc9,0x3a,0xa6,0x4d,0xa7,0xc8,0xdd,0x21,0xa7,0x4d,0xdd,
  0x7e,0x00,0xdd,0xb6,0x01,0xdd,0xb6,0x02,0xdd,0xb6,0x03,0xca,0x98,0x13,0x2a,0xcb,
  0x4d,0x2b,0x22,0xcb,0x4d,0x7c,0xb5,0xc0,0x21,0x0b,0x4c,0x36,0x09,0x3a,0xac,0x4d,
  0xa7,0xc2,0xa7,0x13,0x32,0xa7,0x4d,0x3a,0xad,0x4d,0xa7,0xc2,0xb1,0x13,0x32,0xa8,
  0x4d,0x3a,0xae,0x4d,0xa7,0xc2,0xbb,0x13,0x32,0xa9,0x4d,0x3a,0xaf,0x4d,0xa7,0xc2,
  0xc5,0x13,0x32,0xaa,0x4d,0xaf,0x32,0xcb,0x4d,0x32,0xcc,0x4d,0x32,0xa6,0x4d,0x32,
  0xc8,0x4d,0x32,0xd0,0x4d,0x21,0xac,0x4e,0xcb,0xae,0xcb,0xbe,0xc9,0x21,0x9e,0x4d,
  0x3a,0x0e,0x4e,0xbe,0xca,0xee,0x13,0x21,0x00,0x00,0x22,0x97,0x4d,0xc9,0x2a,0x97,
  0x4d,0x23,0x22,0x97,0x4d,0xed,0x5b,0x95,0x4d,0xa7,0xed,0x52,0xc0,0x21,0x00,0x00,
  0x22,0x97,0x4d,0x3a,0xa1,0x4d,0xa7,0xf5,0xcc,0x86,0x20,0xf1,0xc8,0x3a,0xa2,0x4d,
  0xa7,0xf5,0xcc,0xa9,0x20,0xf1,0xc8,0x3a,0xa3,0x4d,0xa7,0xcc,0xd1,0x20,0xc9,0x3a,
  0x72,0x4e,0x47,0x3a,0x09,0x4e,0xa0,0xc8,0x47,0xdd,0x21,0x00,0x4c,0x1e,0x08,0x0e,
  0x08,0x16,0x07,0x3a,0x00,0x4d,0x83,0xdd,0x77,0x13,0x3a,0x01,0x4d,0x2f,0x82,0xdd,
  0x77,0x12,0x3a,0x02,0x4d,0x83,0xdd,0x77,0x15,0x3a,0x03,0x4d,0x2f,0x82,0xdd,0x77,
  0x14,0x3a,0x04,0x4d,0x83,0xdd,0x77,0x17,0x3a,0x05,0x4d,0x2f,0x81,0xdd,0x77,0x16,
  0x3a,0x06,0x4d,0x83,0xdd,0x77,0x19,0x3a,0x07,0x4d,0x2f,0x81,0xdd,0x77,0x18,0x3a,
  0x08,0x4d,0x83,0xdd,0x77,0x1b,0x3a,0x09,0x4d,0x2f,0x81,0xdd,0x77,0x1a,0x3a,0xd2,
  0x4d,0x83,0xdd,0x77,0x1d,0x3a,0xd3,0x4d,0x2f,0x81,0xdd,0x77,0x1c,0xc3,0xfe,0x14,
  0x3a,0x72,0x4e,0x47,0x3a,0x09,0x4e,0xa0,0xc0,0x47,0x1e,0x09,0x0e,0x07,0x16,0x06,
  0xdd,0x21,0x00,0x4c,0x3a,0x00,0x4d,0x2f,0x83,0xdd,0x77,0x13,0x3a,0x01,0x4d,0x82,
  0xdd,0x77,0x12,0x3a,0x02,0x4d,0x2f,0x83,0xdd,0x77,0x15,0x3a,0x03,0x4d,0x82,0xdd,
  0x77,0x14,0x3a,0x04,0x4d,0x2f,0x83,0xdd,0x77,0x17,0x3a,0x05,0x4d,0x81,0xdd,0x77,
  0x16,0x3a,0x06,0x4d,0x2f,0x83,0xdd,0x77,0x19,0x3a,0x07,0x4d,0x81,0xdd,0x77,0x18,
  0x3a,0x08,0x4d,0x2f,0x83,0xdd,0x77,0x1b,0x3a,0x09,0x4d,0x81,0xdd,0x77,0x1a,0x3a,
  0xd2,0x4d,0x2f,0x83,0xdd,0x77,0x1d,0x3a,0xd3,0x4d,0x81,0xdd,0x77,0x1c,0x3a,0xa5,
  0x4d,0xa7,0xc2,0x4b,0x15,0x3a,0xa4,0x4d,0xa7,0xc2,0xb4,0x15,0x21,0x1c,0x15,0xe5,
  0x3a,0x30,0x4d,0xe7,0x8c,0x16,0xb1,0x16,0xd6,0x16,0xf7,0x16,0x78,0xa7,0x28,0x2b,
  0x0e,0xc0,0x3a,0x0a,0x4c,0x57,0xa1,0x20,0x05,0x7a,0xb1,0xc3,0x48,0x15,0x3a,0x30,
  0x4d,0xfe,0x02,0x20,0x09,0xcb,0x7a,0x28,0x12,0x7a,0xa9,0xc3,0x48,0x15,0xfe,0x03,
  0x20,0x09,0xcb,0x72,0x28,0x05,0x7a,0xa9,0x32,0x0a,0x4c,0x21,0xc0,0x4d,0x56,0x3e,
  0x1c,0x82,0xdd,0x77,0x02,0xdd,0x77,0x04,0xdd,0x77,0x06,0xdd,0x77,0x08,0x0e,0x20,
  0x3a,0xac,0x4d,0xa7,0x20,0x06,0x3a,0xa7,0x4d,0xa7,0x20,0x09,0x3a,0x2c,0x4d,0x87,
  0x82,0x81,0xdd,0x77,0x02,0x3a,0xad,0x4d,0xa7,0x20,0x06,0x3a,0xa8,0x4d,0xa7,0x20,
  0x09,0x3a,0x2d,0x4d,0x87,0x82,0x81,0xdd,0x77,0x04,0x3a,0xae,0x4d,0xa7,0x20,0x06,
  0x3a,0xa9,0x4d,0xa7,0x20,0x09,0x3a,0x2e,0x4d,0x87,0x82,0x81,0xdd,0x77,0x06,0x3a,
  0xaf,0x4d,0xa7,0x20,0x06,0x3a,0xaa,0x4d,0xa7,0x20,0x09,0x3a,0x2f,0x4d,0x87,0x82,
  0x81,0xdd,0x77,0x08,0xcd,0xe6,0x15,0xcd,0x2d,0x16,0xcd,0x52,0x16,0x78,0xa7,0xc8,
  0x0e,0xc0,0x3a,0x02,0x4c,0xb1,0x32,0x02,0x4c,0x3a,0x04,0x4c,0xb1,0x32,0x04,0x4c,
  0x3a,0x06,0x4c,0xb1,0x32,0x06,0x4c,0x3a,0x08,0x4c,0xb1,0x32,0x08,0x4c,0x3a,0x0c,
  0x4c,0xb1,0x32,0x0c,0x4c,0xc9,0x3a,0x06,0x4e,0xd6,0x05,0xd8,0x3a,0x09,0x4d,0xe6,
  0x0f,0xfe,0x0c,0x38,0x04,0x16,0x18,0x18,0x12,0xfe,0x08,0x38,0x04,0x16,0x14,0x18,
  0x0a,0xfe,0x04,0x38,0x04,0x16,0x10,0x18,0x02,0x16,0x14,0xdd,0x72,0x04,0x14,0xdd,
  0x72,0x06,0x14,0xdd,0x72,0x08,0x14,0xdd,0x72,0x0c,0xdd,0x36,0x0a,0x3f,0x16,0x16,
  0xdd,0x72,0x05,0xdd,0x72,0x07,0xdd,0x72,0x09,0xdd,0x72,0x0d,0xc9,0x3a,0x07,0x4e,
  0xa7,0xc8,0x57,0x3a,0x3a,0x4d,0xd6,0x3d,0x20,0x04,0xdd,0x36,0x0b,0x00,0x7a,0xfe,
  0x0a,0xd8,0xdd,0x36,0x02,0x32,0xdd,0x36,0x03,0x1d,0xfe,0x0c,0xd8,0xdd,0x36,0x02,
  0x33,0xc9,0x3a,0x08,0x4e,0xa7,0xc8,0x57,0x3a,0x3a,0x4d,0xd6,0x3d,0x20,0x04,0xdd,
  0x36,0x0b,0x00,0x7a,0xfe,0x01,0xd8,0x3a,0xc0,0x4d,0x1e,0x08,0x83,0xdd,0x77,0x02,
  0x7a,0xfe,0x03,0xd8,0x3a,0x01,0x4d,0xe6,0x08,0x0f,0x0f,0x0f,0x1e,0x0a,0x83,0xdd,
  0x77,0x0c,0x3c,0x3c,0xdd,0x77,0x02,0xdd,0x36,0x0d,0x1e,0xc9,0x3a,0x09,0x4d,0xe6,
  0x07,0xfe,0x06,0x38,0x05,0xdd,0x36,0x0a,0x30,0xc9,0xfe,0x04,0x38,0x05,0xdd,0x36,
  0x0a,0x2e,0xc9,0xfe,0x02,0x38,0x05,0xdd,0x36,0x0a,0x2c,0xc9,0xdd,0x36,0x0a,0x2e,
  0xc9,0x3a,0x08,0x4d,0xe6,0x07,0xfe,0x06,0x38,0x05,0xdd,0x36,0x0a,0x2f,0xc9,0xfe,
  0x04,0x38,0x05,0xdd,0x36,0x0a,0x2d,0xc9,0xfe,0x02,0x38,0x05,0xdd,0x36,0x0a,0x2f,
  0xc9,0xdd,0x36,0x0a,0x30,0xc9,0x3a,0x09,0x4d,0xe6,0x07,0xfe,0x06,0x38,0x08,0x1e,
  0x2e,0xcb,0xfb,0xdd,0x73,0x0a,0xc9,0xfe,0x04,0x38,0x04,0x1e,0x2c,0x18,0xf2,0xfe,
  0x02,0x30,0xec,0x1e,0x30,0x18,0xea,0x3a,0x08,0x4d,0xe6,0x07,0xfe,0x06,0x38,0x05,
  0xdd,0x36,0x0a,0x30,0xc9,0xfe,0x04,0x38,0x08,0x1e,0x2f,0xcb,0xf3,0xdd,0x73,0x0a,
  0xc9,0xfe,0x02,0x38,0x04,0x1e,0x2d,0x18,0xf2,0x1e,0x2f,0x18,0xee,0x06,0x04,0xed,
  0x5b,0x39,0x4d,0x3a,0xaf,0x4d,0xa7,0x20,0x09,0x2a,0x37,0x4d,0xa7,0xed,0x52,0xca,
  0x63,0x17,0x05,0x3a,0xae,0x4d,0xa7,0x20,0x09,0x2a,0x35,0x4d,0xa7,0xed,0x52,0xca,
  0x63,0x17,0x05,0x3a,0xad,0x4d,0xa7,0x20,0x09,0x2a,0x33,0x4d,0xa7,0xed,0x52,0xca,
  0x63,0x17,0x05,0x3a,0xac,0x4d,0xa7,0x20,0x09,0x2a,0x31,0x4d,0xa7,0xed,0x52,0xca,
  0x63,0x17,0x05,0x78,0x32,0xa4,0x4d,0x32,0xa5,0x4d,0xa7,0xc8,0x21,0xa6,0x4d,0x5f,
  0x16,0x00,0x19,0x7e,0xa7,0xc8,0xaf,0x32,0xa5,0x4d,0x21,0xd0,0x4d,0x34,0x46,0x04,
  0xcd,0x5a,0x2a,0x21,0xbc,0x4e,0xcb,0xde,0xc9,0x3a,0xa4,0x4d,0xa7,0xc0,0x3a,0xa6,
  0x4d,0xa7,0xc8,0x0e,0x04,0x06,0x04,0xdd,0x21,0x08,0x4d,0x3a,0xaf,0x4d,0xa7,0x20,
  0x13,0x3a,0x06,0x4d,0xdd,0x96,0x00,0xb9,0x30,0x0a,0x3a,0x07,0x4d,0xdd,0x96,0x01,
  0xb9,0xda,0x63,0x17,0x05,0x3a,0xae,0x4d,0xa7,0x20,0x13,0x3a,0x04,0x4d,0xdd,0x96,
  0x00,0xb9,0x30,0x0a,0x3a,0x05,0x4d,0xdd,0x96,0x01,0xb9,0xda,0x63,0x17,0x05,0x3a,
  0xad,0x4d,0xa7,0x20,0x13,0x3a,0x02,0x4d,0xdd,0x96,0x00,0xb9,0x30,0x0a,0x3a,0x03,
  0x4d,0xdd,0x96,0x01,0xb9,0xda,0x63,0x17,0x05,0x3a,0xac,0x4d,0xa7,0x20,0x13,0x3a,
  0x00,0x4d,0xdd,0x96,0x00,0xb9,0x30,0x0a,0x3a,0x01,0x4d,0xdd,0x96,0x01,0xb9,0xda,
  0x63,0x17,0x05,0xc3,0x63,0x17,0x21,0x9d,0x4d,0x3e,0xff,0xbe,0xca,0x11,0x18,0x35,
  0xc9,0x3a,0xa6,0x4d,0xa7,0xca,0x2f,0x18,0x2a,0x4c,0x4d,0x29,0x22,0x4c,0x4d,0x2a,
  0x4a,0x4d,0xed,0x6a,0x22,0x4a,0x4d,0xd0,0x21,0x4c,0x4d,0x34,0xc3,0x43,0x18,0x2a,
  0x48,0x4d,0x29,0x22,0x48,0x4d,0x2a,0x46,0x4d,0xed,0x6a,0x22,0x46,0x4d,0xd0,0x21,
  0x48,0x4d,0x34,0x3a,0x0e,0x4e,0x32,0x9e,0x4d,0x3a,0x72,0x4e,0x4f,0x3a,0x09,0x4e,
  0xa1,0x4f,0x21,0x3a,0x4d,0x7e,0x06,0x21,0x90,0x38,0x09,0x7e,0x06,0x3b,0x90,0x30,
  0x03,0xc3,0xab,0x18,0x3e,0x01,0x32,0xbf,0x4d,0x3a,0x00,0x4e,0xfe,0x01,0xca,0x19,
  0x1a,0x3a,0x04,0x4e,0xfe,0x10,0xd2,0x19,0x1a,0x79,0xa7,0x28,0x06,0x3a,0x40,0x50,
  0xc3,0x86,0x18,0x3a,0x00,0x50,0xcb,0x4f,0xc2,0x99,0x18,0x2a,0x03,0x33,0x3e,0x02,
  0x32,0x30,0x4d,0x22,0x1c,0x4d,0xc3,0x50,0x19,0xcb,0x57,0xc2,0x50,0x19,0x2a,0xff,
  0x32,0xaf,0x32,0x30,0x4d,0x22,0x1c,0x4d,0xc3,0x50,0x19,0x3a,0x00,0x4e,0xfe,0x01,
  0xca,0x19,0x1a,0x3a,0x04,0x4e,0xfe,0x10,0xd2,0x19,0x1a,0x79,0xa7,0x28,0x06,0x3a,
  0x40,0x50,0xc3,0xc8,0x18,0x3a,0x00,0x50,0xcb,0x4f,0xca,0xc9,0x1a,0xcb,0x57,0xca,
  0xd9,0x1a,0xcb,0x47,0xca,0xe8,0x1a,0xcb,0x5f,0xca,0xf8,0x1a,0x2a,0x1c,0x4d,0x22,
  0x26,0x4d,0x06,0x01,0xdd,0x21,0x26,0x4d,0xfd,0x21,0x39,0x4d,0xcd,0x0f,0x20,0xe6,
  0xc0,0xd6,0xc0,0x20,0x4b,0x05,0xc2,0x16,0x19,0x3a,0x30,0x4d,0x0f,0xda,0x0b,0x19,
  0x3a,0x09,0x4d,0xe6,0x07,0xfe,0x04,0xc8,0xc3,0x40,0x19,0x3a,0x08,0x4d,0xe6,0x07,
  0xfe,0x04,0xc8,0xc3,0x40,0x19,0xdd,0x21,0x1c,0x4d,0xcd,0x0f,0x20,0xe6,0xc0,0xd6,
  0xc0,0x20,0x2d,0x3a,0x30,0x4d,0x0f,0xda,0x35,0x19,0x3a,0x09,0x4d,0xe6,0x07,0xfe,
  0x04,0xc8,0xc3,0x50,0x19,0x3a,0x08,0x4d,0xe6,0x07,0xfe,0x04,0xc8,0xc3,0x50,0x19,
  0x2a,0x26,0x4d,0x22,0x1c,0x4d,0x05,0xca,0x50,0x19,0x3a,0x3c,0x4d,0x32,0x30,0x4d,
  0xdd,0x21,0x1c,0x4d,0xfd,0x21,0x08,0x4d,0xcd,0x00,0x20,0x3a,0x30,0x4d,0x0f,0xda,
  0x75,0x19,0x7d,0xe6,0x07,0xfe,0x04,0xca,0x85,0x19,0xda,0x71,0x19,0x2d,0xc3,0x85,
  0x19,0x2c,0xc3,0x85,0x19,0x7c,0xe6,0x07,0xfe,0x04,0xca,0x85,0x19,0xda,0x84,0x19,
  0x25,0xc3,0x85,0x19,0x24,0x22,0x08,0x4d,0xcd,0x18,0x20,0x22,0x39,0x4d,0xdd,0x21,
  0xbf,0x4d,0xdd,0x7e,0x00,0xdd,0x36,0x00,0x00,0xa7,0xc0,0x3a,0xd2,0x4d,0xa7,0x28,
  0x2c,0x3a,0xd4,0x4d,0xa7,0x28,0x26,0x2a,0x08,0x4d,0x11,0x94,0x80,0xa7,0xed,0x52,
  0x20,0x1b,0x06,0x19,0x4f,0xcd,0x42,0x00,0x0e,0x15,0x81,0x4f,0x06,0x1c,0xcd,0x42,
  0x00,0xcd,0x04,0x10,0xf7,0x54,0x05,0x00,0x21,0xbc,0x4e,0xcb,0xd6,0x3e,0xff,0x32,
  0x9d,0x4d,0x2a,0x39,0x4d,0xcd,0x65,0x00,0x7e,0xfe,0x10,0x28,0x03,0xfe,0x14,0xc0,
  0xdd,0x21,0x0e,0x4e,0xdd,0x34,0x00,0xe6,0x0f,0xcb,0x3f,0x06,0x40,0x70,0x06,0x19,
  0x4f,0xcb,0x39,0xcd,0x42,0x00,0x3c,0xfe,0x01,0xca,0xfd,0x19,0x87,0x32,0x9d,0x4d,
  0xcd,0x08,0x1b,0xcd,0x6a,0x1a,0x21,0xbc,0x4e,0x3a,0x0e,0x4e,0x0f,0x38,0x05,0xcb,
  0xc6,0xcb,0x8e,0xc9,0xcb,0x86,0xcb,0xce,0xc9,0x21,0x1c,0x4d,0x7e,0xa7,0xca,0x2e,
  0x1a,0x3a,0x08,0x4d,0xe6,0x07,0xfe,0x04,0xca,0x38,0x1a,0xc3,0x5c,0x1a,0x3a,0x09,
  0x4d,0xe6,0x07,0xfe,0x04,0xc2,0x5c,0x1a,0x3e,0x05,0xcd,0xd0,0x1e,0x38,0x03,0xef,
  0x17,0x00,0xdd,0x21,0x26,0x4d,0xfd,0x21,0x12,0x4d,0xcd,0x00,0x20,0x22,0x12,0x4d,
  0x2a,0x26,0x4d,0x22,0x1c,0x4d,0x3a,0x3c,0x4d,0x32,0x30,0x4d,0xdd,0x21,0x1c,0x4d,
  0xfd,0x21,0x08,0x4d,0xcd,0x00,0x20,0xc3,0x85,0x19,0x3a,0x9d,0x4d,0xfe,0x06,0xc0,
  0x2a,0xbd,0x4d,0x22,0xcb,0x4d,0x3e,0x01,0x32,0xa6,0x4d,0x32,0xa7,0x4d,0x32,0xa8,
  0x4d,0x32,0xa9,0x4d,0x32,0xaa,0x4d,0x32,0xb1,0x4d,0x32,0xb2,0x4d,0x32,0xb3,0x4d,
  0x32,0xb4,0x4d,0x32,0xb5,0x4d,0xaf,0x32,0xc8,0x4d,0x32,0xd0,0x4d,0xdd,0x21,0x00,
  0x4c,0xdd,0x36,0x02,0x1c,0xdd,0x36,0x04,0x1c,0xdd,0x36,0x06,0x1c,0xdd,0x36,0x08,
  0x1c,0xdd,0x36,0x03,0x11,0xdd,0x36,0x05,0x11,0xdd,0x36,0x07,0x11,0xdd,0x36,0x09,
  0x11,0x21,0xac,0x4e,0xcb,0xee,0xcb,0xbe,0xc9,0x2a,0x03,0x33,0x3e,0x02,0x32,0x3c,
  0x4d,0x22,0x26,0x4d,0x06,0x00,0xc3,0xe4,0x18,0x2a,0xff,0x32,0xaf,0x32,0x3c,0x4d,
  0x22,0x26,0x4d,0x06,0x00,0xc3,0xe4,0x18,0x2a,0x05,0x33,0x3e,0x03,0x32,0x3c,0x4d,
  0x22,0x26,0x4d,0x06,0x00,0xc3,0xe4,0x18,0x2a,0x01,0x33,0x3e,0x01,0x32,0x3c,0x4d,
  0x22,0x26,0x4d,0x06,0x00,0xc3,0xe4,0x18,0x3a,0x12,0x4e,0xa7,0xca,0x14,0x1b,0x21,
  0x9f,0x4d,0x34,0xc9,0x3a,0xa3,0x4d,0xa7,0xc0,0x3a,0xa2,0x4d,0xa7,0xca,0x25,0x1b,
  0x21,0x11,0x4e,0x34,0xc9,0x3a,0xa1,0x4d,0xa7,0xca,0x31,0x1b,0x21,0x10,0x4e,0x34,
  0xc9,0x21,0x0f,0x4e,0x34,0xc9,0x3a,0xa0,0x4d,0xa7,0xc8,0x3a,0xac,0x4d,0xa7,0xc0,
  0xcd,0xd7,0x20,0x2a,0x31,0x4d,0x01,0x99,0x4d,0xcd,0x5a,0x20,0x3a,0x99,0x4d,0xa7,
  0xca,0x6a,0x1b,0x2a,0x60,0x4d,0x29,0x22,0x60,0x4d,0x2a,0x5e,0x4d,0xed,0x6a,0x22,
  0x5e,0x4d,0xd0,0x21,0x60,0x4d,0x34,0xc3,0xd8,0x1b,0x3a,0xa7,0x4d,0xa7,0xca,0x88,
  0x1b,0x2a,0x5c,0x4d,0x29,0x22,0x5c,0x4d,0x2a,0x5a,0x4d,0xed,0x6a,0x22,0x5a,0x4d,
  0xd0,0x21,0x5c,0x4d,0x34,0xc3,0xd8,0x1b,0x3a,0xb7,0x4d,0xa7,0xca,0xa6,0x1b,0x2a,
  0x50,0x4d,0x29,0x22,0x50,0x4d,0x2a,0x4e,0x4d,0xed,0x6a,0x22,0x4e,0x4d,0xd0,0x21,
  0x50,0x4d,0x34,0xc3,0xd8,0x1b,0x3a,0xb6,0x4d,0xa7,0xca,0xc4,0x1b,0x2a,0x54,0x4d,
  0x29,0x22,0x54,0x4d,0x2a,0x52,0x4d,0xed,0x6a,0x22,0x52,0x4d,0xd0,0x21,0x54,0x4d,
  0x34,0xc3,0xd8,0x1b,0x2a,0x58,0x4d,0x29,0x22,0x58,0x4d,0x2a,0x56,0x4d,0xed,0x6a,
  0x22,0x56,0x4d,0xd0,0x21,0x58,0x4d,0x34,0x21,0x14,0x4d,0x7e,0xa7,0xca,0xed,0x1b,
  0x3a,0x00,0x4d,0xe6,0x07,0xfe,0x04,0xca,0xf7,0x1b,0xc3,0x36,0x1c,0x3a,0x01,0x4d,
  0xe6,0x07,0xfe,0x04,0xc2,0x36,0x1c,0x3e,0x01,0xcd,0xd0,0x1e,0x38,0x1b,0x3a,0xa7,
  0x4d,0xa7,0xca,0x0b,0x1c,0xef,0x0c,0x00,0xc3,0x19,0x1c,0x2a,0x0a,0x4d,0xcd,0x52,
  0x20,0x7e,0xfe,0x1a,0x28,0x03,0xef,0x08,0x00,0xcd,0xfe,0x1e,0xdd,0x21,0x1e,0x4d,
  0xfd,0x21,0x0a,0x4d,0xcd,0x00,0x20,0x22,0x0a,0x4d,0x2a,0x1e,0x4d,0x22,0x14,0x4d,
  0x3a,0x2c,0x4d,0x32,0x28,0x4d,0xdd,0x21,0x14,0x4d,0xfd,0x21,0x00,0x4d,0xcd,0x00,
  0x20,0x22,0x00,0x4d,0xcd,0x18,0x20,0x22,0x31,0x4d,0xc9,0x3a,0xa1,0x4d,0xfe,0x01,
  0xc0,0x3a,0xad,0x4d,0xa7,0xc0,0x2a,0x33,0x4d,0x01,0x9a,0x4d,0xcd,0x5a,0x20,0x3a,
  0x9a,0x4d,0xa7,0xca,0x7d,0x1c,0x2a,0x6c,0x4d,0x29,0x22,0x6c,0x4d,0x2a,0x6a,0x4d,
  0xed,0x6a,0x22,0x6a,0x4d,0xd0,0x21,0x6c,0x4d,0x34,0xc3,0xaf,0x1c,0x3a,0xa8,0x4d,
  0xa7,0xca,0x9b,0x1c,0x2a,0x68,0x4d,0x29,0x22,0x68,0x4d,0x2a,0x66,0x4d,0xed,0x6a,
  0x22,0x66,0x4d,0xd0,0x21,0x68,0x4d,0x34,0xc3,0xaf,0x1c,0x2a,0x64,0x4d,0x29,0x22,
  0x64,0x4d,0x2a,0x62,0x4d,0xed,0x6a,0x22,0x62,0x4d,0xd0,0x21,0x64,0x4d,0x34,0x21,
  0x16,0x4d,0x7e,0xa7,0xca,0xc4,0x1c,0x3a,0x02,0x4d,0xe6,0x07,0xfe,0x04,0xca,0xce,
  0x1c,0xc3,0x0d,0x1d,0x3a,0x03,0x4d,0xe6,0x07,0xfe,0x04,0xc2,0x0d,0x1d,0x3e,0x02,
  0xcd,0xd0,0x1e,0x38,0x1b,0x3a,0xa8,0x4d,0xa7,0xca,0xe2,0x1c,0xef,0x0d,0x00,0xc3,
  0xf0,0x1c,0x2a,0x0c,0x4d,0xcd,0x52,0x20,0x7e,0xfe,0x1a,0x28,0x03,0xef,0x09,0x00,
  0xcd,0x25,0x1f,0xdd,0x21,0x20,0x4d,0xfd,0x21,0x0c,0x4d,0xcd,0x00,0x20,0x22,0x0c,
  0x4d,0x2a,0x20,0x4d,0x22,0x16,0x4d,0x3a,0x2d,0x4d,0x32,0x29,0x4d,0xdd,0x21,0x16,
  0x4d,0xfd,0x21,0x02,0x4d,0xcd,0x00,0x20,0x22,0x02,0x4d,0xcd,0x18,0x20,0x22,0x33,
  0x4d,0xc9,0x3a,0xa2,0x4d,0xfe,0x01,0xc0,0x3a,0xae,0x4d,0xa7,0xc0,0x2a,0x35,0x4d,
  0x01,0x9b,0x4d,0xcd,0x5a,0x20,0x3a,0x9b,0x4d,0xa7,0xca,0x54,0x1d,0x2a,0x78,0x4d,
  0x29,0x22,0x78,0x4d,0x2a,0x76,0x4d,0xed,0x6a,0x22,0x76,0x4d,0xd0,0x21,0x78,0x4d,
  0x34,0xc3,0x86,0x1d,0x3a,0xa9,0x4d,0xa7,0xca,0x72,0x1d,0x2a,0x74,0x4d,0x29,0x22,
  0x74,0x4d,0x2a,0x72,0x4d,0xed,0x6a,0x22,0x72,0x4d,0xd0,0x21,0x74,0x4d,0x34,0xc3,
  0x86,0x1d,0x2a,0x70,0x4d,0x29,0x22,0x70,0x4d,0x2a,0x6e,0x4d,0xed,0x6a,0x22,0x6e,
  0x4d,0xd0,0x21,0x70,0x4d,0x34,0x21,0x18,0x4d,0x7e,0xa7,0xca,0x9b,0x1d,0x3a,0x04,
  0x4d,0xe6,0x07,0xfe,0x04,0xca,0xa5,0x1d,0xc3,0xe4,0x1d,0x3a,0x05,0x4d,0xe6,0x07,
  0xfe,0x04,0xc2,0xe4,0x1d,0x3e,0x03,0xcd,0xd0,0x1e,0x38,0x1b,0x3a,0xa9,0x4d,0xa7,
  0xca,0xb9,0x1d,0xef,0x0e,0x00,0xc3,0xc7,0x1d,0x2a,0x0e,0x4d,0xcd,0x52,0x20,0x7e,
  0xfe,0x1a,0x28,0x03,0xef,0x0a,0x00,0xcd,0x4c,0x1f,0xdd,0x21,0x22,0x4d,0xfd,0x21,
  0x0e,0x4d,0xcd,0x00,0x20,0x22,0x0e,0x4d,0x2a,0x22,0x4d,0x22,0x18,0x4d,0x3a,0x2e,
  0x4d,0x32,0x2a,0x4d,0xdd,0x21,0x18,0x4d,0xfd,0x21,0x04,0x4d,0xcd,0x00,0x20,0x22,
  0x04,0x4d,0xcd,0x18,0x20,0x22,0x35,0x4d,0xc9,0x3a,0xa3,0x4d,0xfe,0x01,0xc0,0x3a,
  0xaf,0x4d,0xa7,0xc0,0x2a,0x37,0x4d,0x01,0x9c,0x4d,0xcd,0x5a,0x20,0x3a,0x9c,0x4d,
  0xa7,0xca,0x2b,0x1e,0x2a,0x84,0x4d,0x29,0x22,0x84,0x4d,0x2a,0x82,0x4d,0xed,0x6a,
  0x22,0x82,0x4d,0xd0,0x21,0x84,0x4d,0x34,0xc3,0x5d,0x1e,0x3a,0xaa,0x4d,0xa7,0xca,
  0x49,0x1e,0x2a,0x80,0x4d,0x29,0x22,0x80,0x4d,0x2a,0x7e,0x4d,0xed,0x6a,0x22,0x7e,
  0x4d,0xd0,0x21,0x80,0x4d,0x34,0xc3,0x5d,0x1e,0x2a,0x7c,0x4d,0x29,0x22,0x7c,0x4d,
  0x2a,0x7a,0x4d,0xed,0x6a,0x22,0x7a,0x4d,0xd0,0x21,0x7c,0x4d,0x34,0x21,0x1a,0x4d,
  0x7e,0xa7,0xca,0x72,0x1e,0x3a,0x06,0x4d,0xe6,0x07,0xfe,0x04,0xca,0x7c,0x1e,0xc3,
  0xbb,0x1e,0x3a,0x07,0x4d,0xe6,0x07,0xfe,0x04,0xc2,0xbb,0x1e,0x3e,0x04,0xcd,0xd0,
  0x1e,0x38,0x1b,0x3a,0xaa,0x4d,0xa7,0xca,0x90,0x1e,0xef,0x0f,0x00,0xc3,0x9e,0x1e,
  0x2a,0x10,0x4d,0xcd,0x52,0x20,0x7e,0xfe,0x1a,0x28,0x03,0xef,0x0b,0x00,0xcd,0x73,
  0x1f,0xdd,0x21,0x24,0x4d,0xfd,0x21,0x10,0x4d,0xcd,0x00,0x20,0x22,0x10,0x4d,0x2a,
  0x24,0x4d,0x22,0x1a,0x4d,0x3a,0x2f,0x4d,0x32,0x2b,0x4d,0xdd,0x21,0x1a,0x4d,0xfd,
  0x21,0x06,0x4d,0xcd,0x00,0x20,0x22,0x06,0x4d,0xcd,0x18,0x20,0x22,0x37,0x4d,0xc9,
  0x87,0x4f,0x06,0x00,0x21,0x09,0x4d,0x09,0x7e,0xfe,0x1d,0xc2,0xe3,0x1e,0x36,0x3d,
  0xc3,0xfc,0x1e,0xfe,0x3e,0xc2,0xed,0x1e,0x36,0x1e,0xc3,0xfc,0x1e,0x06,0x21,0x90,
  0xda,0xfc,0x1e,0x7e,0x06,0x3b,0x90,0xd2,0xfc,0x1e,0xa7,0xc9,0x37,0xc9,0x3a,0xb1,
  0x4d,0xa7,0xc8,0xaf,0x32,0xb1,0x4d,0x21,0xff,0x32,0x3a,0x28,0x4d,0xee,0x02,0x32,
  0x2c,0x4d,0x47,0xdf,0x22,0x1e,0x4d,0x3a,0x02,0x4e,0xfe,0x22,0xc0,0x22,0x14,0x4d,
  0x78,0x32,0x28,0x4d,0xc9,0x3a,0xb2,0x4d,0xa7,0xc8,0xaf,0x32,0xb2,0x4d,0x21,0xff,
  0x32,0x3a,0x29,0x4d,0xee,0x02,0x32,0x2d,0x4d,0x47,0xdf,0x22,0x20,0x4d,0x3a,0x02,
  0x4e,0xfe,0x22,0xc0,0x22,0x16,0x4d,0x78,0x32,0x29,0x4d,0xc9,0x3a,0xb3,0x4d,0xa7,
  0xc8,0xaf,0x32,0xb3,0x4d,0x21,0xff,0x32,0x3a,0x2a,0x4d,0xee,0x02,0x32,0x2e,0x4d,
  0x47,0xdf,0x22,0x22,0x4d,0x3a,0x02,0x4e,0xfe,0x22,0xc0,0x22,0x18,0x4d,0x78,0x32,
  0x2a,0x4d,0xc9,0x3a,0xb4,0x4d,0xa7,0xc8,0xaf,0x32,0xb4,0x4d,0x21,0xff,0x32,0x3a,
  0x2b,0x4d,0xee,0x02,0x32,0x2f,0x4d,0x47,0xdf,0x22,0x24,0x4d,0x3a,0x02,0x4e,0xfe,
  0x22,0xc0,0x22,0x1a,0x4d,0x78,0x32,0x2b,0x4d,0xc9,0x00,0x00,0x00,0x00,0x00,0x00,
  0x00,0x00,0x00,0x00,0x00,0x00,0x00,0x00,0x00,0x00,0x00,0x00,0x00,0x00,0x00,0x00,
  0x00,0x00,0x00,0x00,0x00,0x00,0x00,0x00,0x00,0x00,0x00,0x00,0x00,0x00,0x00,0x00,
  0x00,0x00,0x00,0x00,0x00,0x00,0x00,0x00,0x00,0x00,0x00,0x00,0x00,0x00,0x00,0x00,
  0x00,0x00,0x00,0x00,0x00,0x00,0x00,0x00,0x00,0x00,0x00,0x00,0x00,0x00,0x00,0x00,
  0x00,0x00,0x00,0x00,0x00,0x00,0x00,0x00,0x00,0x00,0x00,0x00,0x00,0x00,0x00,0x00,
  0x00,0x00,0x00,0x00,0x00,0x00,0x00,0x00,0x00,0x00,0x00,0x00,0x00,0x00,0x5d,0xe1,
  0xfd,0x7e,0x00,0xdd,0x86,0x00,0x6f,0xfd,0x7e,0x01,0xdd,0x86,0x01,0x67,0xc9,0xcd,
  0x00,0x20,0xcd,0x65,0x00,0x7e,0xa7,0xc9,0x7d,0xcb,0x3f,0xcb,0x3f,0xcb,0x3f,0xc6,
  0x20,0x6f,0x7c,0xcb,0x3f,0xcb,0x3f,0xcb,0x3f,0xc6,0x1e,0x67,0xc9,0xf5,0xc5,0x7d,
  0xd6,0x20,0x6f,0x7c,0xd6,0x20,0x67,0x06,0x00,0xcb,0x24,0xcb,0x24,0xcb,0x24,0xcb,
  0x24,0xcb,0x10,0xcb,0x24,0xcb,0x10,0x4c,0x26,0x00,0x09,0x01,0x40,0x40,0x09,0xc1,
  0xf1,0xc9,0xcd,0x65,0x00,0x11,0x00,0x04,0x19,0xc9,0xcd,0x52,0x20,0x7e,0xfe,0x1b,
  0x20,0x04,0x3e,0x01,0x02,0xc9,0xaf,0x02,0xc9,0x3a,0xa1,0x4d,0xa7,0xc0,0x3a,0x12,
  0x4e,0xa7,0xca,0x7e,0x20,0x3a,0x9f,0x4d,0xfe,0x07,0xc0,0xc3,0x86,0x20,0x21,0xb8,
  0x4d,0x3a,0x0f,0x4e,0xbe,0xd8,0x3e,0x02,0x32,0xa1,0x4d,0xc9,0x3a,0xa2,0x4d,0xa7,
  0xc0,0x3a,0x12,0x4e,0xa7,0xca,0xa1,0x20,0x3a,0x9f,0x4d,0xfe,0x11,0xc0,0xc3,0xa9,
  0x20,0x21,0xb9,0x4d,0x3a,0x10,0x4e,0xbe,0xd8,0x3e,0x03,0x32,0xa2,0x4d,0xc9,0x3a,
  0xa3,0x4d,0xa7,0xc0,0x3a,0x12,0x4e,0xa7,0xca,0xc9,0x20,0x3a,0x9f,0x4d,0xfe,0x20,
  0xc0,0xaf,0x32,0x12,0x4e,0x32,0x9f,0x4d,0xc9,0x21,0xba,0x4d,0x3a,0x11,0x4e,0xbe,
  0xd8,0x3e,0x03,0x32,0xa3,0x4d,0xc9,0x3a,0xa3,0x4d,0xa7,0xc8,0x21,0x0e,0x4e,0x3a,
  0xb6,0x4d,0xa7,0xc2,0xf4,0x20,0x3e,0xf4,0x96,0x47,0x3a,0xbb,0x4d,0x90,0xd8,0x3e,
  0x01,0x32,0xb6,0x4d,0x3a,0xb7,0x4d,0xa7,0xc0,0x3e,0xf4,0x96,0x47,0x3a,0xbc,0x4d,
  0x90,0xd8,0x3e,0x01,0x32,0xb7,0x4d,0xc9,0x3a,0x06,0x4e,0xe7,0x1a,0x21,0x40,0x21,
  0x4b,0x21,0x0c,0x00,0x70,0x21,0x7b,0x21,0x86,0x21,0x3a,0x3a,0x4d,0xd6,0x21,0x20,
  0x0f,0x3c,0x32,0xa0,0x4d,0x32,0xb7,0x4d,0xcd,0x06,0x05,0x21,0x06,0x4e,0x34,0xc9,
  0xcd,0x06,0x18,0xcd,0x06,0x18,0xcd,0x36,0x1b,0xcd,0x36,0x1b,0xcd,0x23,0x0e,0xc9,
  0x3a,0x3a,0x4d,0xd6,0x1e,0xc2,0x30,0x21,0xc3,0x2b,0x21,0x3a,0x32,0x4d,0xd6,0x1e,
  0xc2,0x36,0x21,0xcd,0x70,0x1a,0xaf,0x32,0xac,0x4e,0x32,0xbc,0x4e,0xcd,0xa5,0x05,
  0x22,0x1c,0x4d,0x3a,0x3c,0x4d,0x32,0x30,0x4d,0xf7,0x45,0x07,0x00,0xc3,0x2b,0x21,
  0x3a,0x32,0x4d,0xd6,0x2f,0xc2,0x36,0x21,0xc3,0x2b,0x21,0x3a,0x32,0x4d,0xd6,0x3d,
  0xc2,0x30,0x21,0xc3,0x2b,0x21,0xcd,0x06,0x18,0xcd,0x06,0x18,0x3a,0x3a,0x4d,0xd6,
  0x3d,0xc0,0x32,0x06,0x4e,0xf7,0x45,0x00,0x00,0x21,0x04,0x4e,0x34,0xc9,0x3a,0x07,
  0x4e,0xfd,0x21,0xd2,0x41,0xe7,0xc2,0x21,0x0c,0x00,0xe1,0x21,0xf5,0x21,0x0c,0x22,
  0x1e,0x22,0x44,0x22,0x5d,0x22,0x0c,0x00,0x6a,0x22,0x0c,0x00,0x86,0x22,0x0c,0x00,
  0x8d,0x22,0x3e,0x01,0x32,0xd2,0x45,0x32,0xd3,0x45,0x32,0xf2,0x45,0x32,0xf3,0x45,
  0xcd,0x06,0x05,0xfd,0x36,0x00,0x60,0xfd,0x36,0x01,0x61,0xf7,0x43,0x08,0x00,0x18,
  0x0f,0x3a,0x3a,0x4d,0xd6,0x2c,0xc2,0x30,0x21,0x3c,0x32,0xa0,0x4d,0x32,0xb7,0x4d,
  0x21,0x07,0x4e,0x34,0xc9,0x3a,0x01,0x4d,0xfe,0x77,0x28,0x05,0xfe,0x78,0xc2,0x30,
  0x21,0x21,0x84,0x20,0x22,0x4e,0x4d,0x22,0x50,0x4d,0x18,0xe4,0x3a,0x01,0x4d,0xd6,
  0x78,0xc2,0x37,0x22,0xfd,0x36,0x00,0x62,0xfd,0x36,0x01,0x63,0x18,0xd2,0x3a,0x01,
  0x4d,0xd6,0x7b,0x20,0x12,0xfd,0x36,0x00,0x64,0xfd,0x36,0x01,0x65,0xfd,0x36,0x20,
  0x66,0xfd,0x36,0x21,0x67,0x18,0xb9,0xcd,0x06,0x18,0xcd,0x06,0x18,0xcd,0x36,0x1b,
  0xcd,0x23,0x0e,0xc9,0x3a,0x01,0x4d,0xd6,0x7e,0x20,0xec,0xfd,0x36,0x00,0x68,0xfd,
  0x36,0x01,0x69,0xfd,0x36,0x20,0x6a,0xfd,0x36,0x21,0x6b,0x18,0x93,0x3a,0x01,0x4d,
  0xd6,0x80,0x20,0xd3,0xf7,0x4f,0x08,0x00,0x18,0x86,0x21,0x01,0x4d,0x34,0x34,0xfd,
  0x36,0x00,0x6c,0xfd,0x36,0x01,0x6d,0xfd,0x36,0x20,0x40,0xfd,0x36,0x21,0x40,0xf7,
  0x4a,0x08,0x00,0xc3,0xf0,0x21,0xf7,0x54,0x08,0x00,0xc3,0xf0,0x21,0xaf,0x32,0x07,
  0x4e,0x21,0x04,0x4e,0x34,0x34,0xc9,0x3a,0x08,0x4e,0xe7,0xa7,0x22,0xbe,0x22,0x0c,
  0x00,0xdd,0x22,0xf5,0x22,0xfe,0x22,0x3a,0x3a,0x4d,0xd6,0x25,0xc2,0x30,0x21,0x3c,
  0x32,0xa0,0x4d,0x32,0xb7,0x4d,0xcd,0x06,0x05,0x21,0x08,0x4e,0x34,0xc9,0x3a,0x01,
  0x4d,0xfe,0xff,0x28,0x05,0xfe,0xfe,0xc2,0x30,0x21,0x3c,0x3c,0x32,0x01,0x4d,0x3e,
  0x01,0x32,0xb1,0x4d,0xcd,0xfe,0x1e,0xf7,0x4a,0x09,0x00,0x18,0xdc,0x3a,0x32,0x4d,
  0xd6,0x2d,0x28,0xd5,0x3a,0x00,0x4d,0x32,0xd2,0x4d,0x3a,0x01,0x4d,0xd6,0x08,0x32,
  0xd3,0x4d,0xc3,0x30,0x21,0x3a,0x32,0x4d,0xd6,0x1e,0x28,0xbd,0x18,0xe6,0xaf,0x32,
  0x08,0x4e,0xf7,0x45,0x00,0x00,0x21,0x04,0x4e,0x34,0xc9,0x21,0x00,0x50,0x06,0x08,
  0xaf,0x77,0x2c,0x10,0xfc,0x21,0x00,0x40,0x06,0x04,0x32,0xc0,0x50,0x32,0x07,0x50,
  0x3e,0x40,0x77,0x2c,0x20,0xfc,0x24,0x10,0xf1,0x06,0x04,0x32,0xc0,0x50,0xaf,0x32,
  0x07,0x50,0x3e,0x0f,0x77,0x2c,0x20,0xfc,0x24,0x10,0xf0,0xed,0x5e,0x3e,0xfa,0xd3,
  0x00,0xaf,0x32,0x07,0x50,0x3c,0x32,0x00,0x50,0xfb,0x76,0x32,0xc0,0x50,0x31,0xc0,
  0x4f,0xaf,0x21,0x00,0x50,0x01,0x08,0x08,0xcf,0x21,0x00,0x4c,0x06,0xbe,0xcf,0xcf,
  0xcf,0xcf,0x21,0x40,0x50,0x06,0x40,0xcf,0x32,0xc0,0x50,0xcd,0x0d,0x24,0x32,0xc0,
  0x50,0x06,0x00,0xcd,0xed,0x23,0x32,0xc0,0x50,0x21,0xc0,0x4c,0x22,0x80,0x4c,0x22,
  0x82,0x4c,0x3e,0xff,0x06,0x40,0xcf,0x3e,0x01,0x32,0x00,0x50,0xfb,0x2a,0x82,0x4c,
  0x7e,0xa7,0xfa,0x8d,0x23,0x36,0xff,0x2c,0x46,0x36,0xff,0x2c,0x20,0x02,0x2e,0xc0,
  0x22,0x82,0x4c,0x21,0x8d,0x23,0xe5,0xe7,0xed,0x23,0xd7,0x24,0x19,0x24,0x48,0x24,
  0x3d,0x25,0x8b,0x26,0x0d,0x24,0x98,0x26,0x30,0x27,0x6c,0x27,0xa9,0x27,0xf1,0x27,
  0x3b,0x28,0x65,0x28,0x8f,0x28,0xb9,0x28,0x0d,0x00,0xa2,0x26,0xc9,0x24,0x35,0x2a,
  0xd0,0x26,0x87,0x24,0xe8,0x23,0xe3,0x28,0xe0,0x2a,0x5a,0x2a,0x6a,0x2b,0xea,0x2b,
  0x5e,0x2c,0xa1,0x2b,0x75,0x26,0xb2,0x26,0x21,0x04,0x4e,0x34,0xc9,0x78,0xe7,0xf3,
  0x23,0x00,0x24,0x3e,0x40,0x01,0x04,0x00,0x21,0x00,0x40,0xcf,0x0d,0x20,0xfc,0xc9,
  0x3e,0x40,0x21,0x40,0x40,0x01,0x04,0x80,0xcf,0x0d,0x20,0xfc,0xc9,0xaf,0x01,0x04,
  0x00,0x21,0x00,0x44,0xcf,0x0d,0x20,0xfc,0xc9,0x21,0x00,0x40,0x01,0x35,0x34,0x0a,
  0xa7,0xc8,0xfa,0x2c,0x24,0x5f,0x16,0x00,0x19,0x2b,0x03,0x0a,0x23,0x77,0xf5,0xe5,
  0x11,0xe0,0x83,0x7d,0xe6,0x1f,0x87,0x26,0x00,0x6f,0x19,0xd1,0xa7,0xed,0x52,0xf1,
  0xee,0x01,0x77,0xeb,0x03,0xc3,0x1f,0x24,0x21,0x00,0x40,0xdd,0x21,0x16,0x4e,0xfd,
  0x21,0xb5,0x35,0x16,0x00,0x06,0x1e,0x0e,0x08,0xdd,0x7e,0x00,0xfd,0x5e,0x00,0x19,
  0x07,0x30,0x02,0x36,0x10,0xfd,0x23,0x0d,0x20,0xf2,0xdd,0x23,0x05,0x20,0xe8,0x21,
  0x34,0x4e,0x11,0x64,0x40,0xed,0xa0,0x11,0x78,0x40,0xed,0xa0,0x11,0x84,0x43,0xed,
  0xa0,0x11,0x98,0x43,0xed,0xa0,0xc9,0x21,0x00,0x40,0xdd,0x21,0x16,0x4e,0xfd,0x21,
  0xb5,0x35,0x16,0x00,0x06,0x1e,0x0e,0x08,0xfd,0x5e,0x00,0x19,0x7e,0xfe,0x10,0x37,
  0x28,0x01,0x3f,0xdd,0xcb,0x00,0x16,0xfd,0x23,0x0d,0x20,0xec,0xdd,0x23,0x05,0x20,
  0xe5,0x21,0x64,0x40,0x11,0x34,0x4e,0xed,0xa0,0x21,0x78,0x40,0xed,0xa0,0x21,0x84,
  0x43,0xed,0xa0,0x21,0x98,0x43,0xed,0xa0,0xc9,0x21,0x16,0x4e,0x3e,0xff,0x06,0x1e,
  0xcf,0x3e,0x14,0x06,0x04,0xcf,0xc9,0x58,0x78,0xfe,0x02,0x3e,0x1f,0x28,0x02,0x3e,
  0x10,0x21,0x40,0x44,0x01,0x04,0x80,0xcf,0x0d,0x20,0xfc,0x3e,0x0f,0x06,0x40,0x21,
  0xc0,0x47,0xcf,0x7b,0xfe,0x01,0xc0,0x3e,0x1a,0x11,0x20,0x00,0x06,0x06,0xdd,0x21,
  0xa0,0x45,0xdd,0x77,0x0c,0xdd,0x77,0x18,0xdd,0x19,0x10,0xf6,0x3e,0x1b,0x06,0x05,
  0xdd,0x21,0x40,0x44,0xdd,0x77,0x0e,0xdd,0x77,0x0f,0xdd,0x77,0x10,0xdd,0x19,0x10,
  0xf3,0x06,0x05,0xdd,0x21,0x20,0x47,0xdd,0x77,0x0e,0xdd,0x77,0x0f,0xdd,0x77,0x10,
  0xdd,0x19,0x10,0xf3,0x3e,0x18,0x32,0xed,0x45,0x32,0x0d,0x46,0xc9,0xdd,0x21,0x00,
  0x4c,0xdd,0x36,0x02,0x20,0xdd,0x36,0x04,0x20,0xdd,0x36,0x06,0x20,0xdd,0x36,0x08,
  0x20,0xdd,0x36,0x0a,0x2c,0xdd,0x36,0x0c,0x3f,0xdd,0x36,0x03,0x01,0xdd,0x36,0x05,
  0x03,0xdd,0x36,0x07,0x05,0xdd,0x36,0x09,0x07,0xdd,0x36,0x0b,0x09,0xdd,0x36,0x0d,
  0x00,0x78,0xa7,0xc2,0x0f,0x26,0x21,0x64,0x80,0x22,0x00,0x4d,0x21,0x7c,0x80,0x22,
  0x02,0x4d,0x21,0x7c,0x90,0x22,0x04,0x4d,0x21,0x7c,0x70,0x22,0x06,0x4d,0x21,0xc4,
  0x80,0x22,0x08,0x4d,0x21,0x2c,0x2e,0x22,0x0a,0x4d,0x22,0x31,0x4d,0x21,0x2f,0x2e,
  0x22,0x0c,0x4d,0x22,0x33,0x4d,0x21,0x2f,0x30,0x22,0x0e,0x4d,0x22,0x35,0x4d,0x21,
  0x2f,0x2c,0x22,0x10,0x4d,0x22,0x37,0x4d,0x21,0x38,0x2e,0x22,0x12,0x4d,0x22,0x39,
  0x4d,0x21,0x00,0x01,0x22,0x14,0x4d,0x22,0x1e,0x4d,0x21,0x01,0x00,0x22,0x16,0x4d,
  0x22,0x20,0x4d,0x21,0xff,0x00,0x22,0x18,0x4d,0x22,0x22,0x4d,0x21,0xff,0x00,0x22,
  0x1a,0x4d,0x22,0x24,0x4d,0x21,0x00,0x01,0x22,0x1c,0x4d,0x22,0x26,0x4d,0x21,0x02,
  0x01,0x22,0x28,0x4d,0x22,0x2c,0x4d,0x21,0x03,0x03,0x22,0x2a,0x4d,0x22,0x2e,0x4d,
  0x3e,0x02,0x32,0x30,0x4d,0x32,0x3c,0x4d,0x21,0x00,0x00,0x22,0xd2,0x4d,0xc9,0x21,
  0x94,0x00,0x22,0x00,0x4d,0x22,0x02,0x4d,0x22,0x04,0x4d,0x22,0x06,0x4d,0x21,0x32,
  0x1e,0x22,0x0a,0x4d,0x22,0x0c,0x4d,0x22,0x0e,0x4d,0x22,0x10,0x4d,0x22,0x31,0x4d,
  0x22,0x33,0x4d,0x22,0x35,0x4d,0x22,0x37,0x4d,0x21,0x00,0x01,0x22,0x14,0x4d,0x22,
  0x16,0x4d,0x22,0x18,0x4d,0x22,0x1a,0x4d,0x22,0x1e,0x4d,0x22,0x20,0x4d,0x22,0x22,
  0x4d,0x22,0x24,0x4d,0x22,0x1c,0x4d,0x22,0x26,0x4d,0x21,0x28,0x4d,0x3e,0x02,0x06,
  0x09,0xcf,0x32,0x3c,0x4d,0x21,0x94,0x08,0x22,0x08,0x4d,0x21,0x32,0x1f,0x22,0x12,
  0x4d,0x22,0x39,0x4d,0xc9,0x21,0x00,0x00,0x22,0xd2,0x4d,0x22,0x08,0x4d,0x22,0x00,
  0x4d,0x22,0x02,0x4d,0x22,0x04,0x4d,0x22,0x06,0x4d,0xc9,0x3e,0x55,0x32,0x94,0x4d,
  0x05,0xc8,0x3e,0x01,0x32,0xa0,0x4d,0xc9,0x3e,0x01,0x32,0x00,0x4e,0xaf,0x32,0x01,
  0x4e,0xc9,0xaf,0x11,0x00,0x4d,0x21,0x00,0x4e,0x12,0x13,0xa7,0xed,0x52,0xc2,0xa6,
  0x26,0xc9,0xdd,0x21,0x36,0x41,0x3a,0x71,0x4e,0xe6,0x0f,0xc6,0x30,0xdd,0x77,0x00,
  0x3a,0x71,0x4e,0x0f,0x0f,0x0f,0x0f,0xe6,0x0f,0xc8,0xc6,0x30,0xdd,0x77,0x20,0xc9,
  0x3a,0x80,0x50,0x47,0xe6,0x03,0xc2,0xde,0x26,0x21,0x6e,0x4e,0x36,0xff,0x4f,0x1f,
  0xce,0x00,0x32,0x6b,0x4e,0xe6,0x02,0xa9,0x32,0x6d,0x4e,0x78,0x0f,0x0f,0xe6,0x03,
  0x3c,0xfe,0x04,0x20,0x01,0x3c,0x32,0x6f,0x4e,0x78,0x0f,0x0f,0x0f,0x0f,0xe6,0x03,
  0x21,0x28,0x27,0xd7,0x32,0x71,0x4e,0x78,0x07,0x2f,0xe6,0x01,0x32,0x75,0x4e,0x78,
  0x07,0x07,0x2f,0xe6,0x01,0x47,0x21,0x2c,0x27,0xdf,0x22,0x73,0x4e,0x3a,0x40,0x50,
  0x07,0x2f,0xe6,0x01,0x32,0x72,0x4e,0xc9,0x10,0x15,0x20,0xff,0x68,0x00,0x7d,0x00,
  0x3a,0xc1,0x4d,0xcb,0x47,0xc2,0x58,0x27,0x3a,0xb6,0x4d,0xa7,0x20,0x1a,0x3a,0x04,
  0x4e,0xfe,0x03,0x20,0x13,0x2a,0x0a,0x4d,0x3a,0x2c,0x4d,0x11,0x1d,0x22,0xcd,0x66,
  0x29,0x22,0x1e,0x4d,0x32,0x2c,0x4d,0xc9,0x2a,0x0a,0x4d,0xed,0x5b,0x39,0x4d,0x3a,
  0x2c,0x4d,0xcd,0x66,0x29,0x22,0x1e,0x4d,0x32,0x2c,0x4d,0xc9,0x3a,0xc1,0x4d,0xcb,
  0x47,0xc2,0x8e,0x27,0x3a,0x04,0x4e,0xfe,0x03,0x20,0x13,0x2a,0x0c,0x4d,0x3a,0x2d,
  0x4d,0x11,0x1d,0x39,0xcd,0x66,0x29,0x22,0x20,0x4d,0x32,0x2d,0x4d,0xc9,0xed,0x5b,
  0x39,0x4d,0x2a,0x1c,0x4d,0x29,0x29,0x19,0xeb,0x2a,0x0c,0x4d,0x3a,0x2d,0x4d,0xcd,
  0x66,0x29,0x22,0x20,0x4d,0x32,0x2d,0x4d,0xc9,0x3a,0xc1,0x4d,0xcb,0x47,0xc2,0xcb,
  0x27,0x3a,0x04,0x4e,0xfe,0x03,0x20,0x13,0x2a,0x0e,0x4d,0x3a,0x2e,0x4d,0x11,0x40,
  0x20,0xcd,0x66,0x29,0x22,0x22,0x4d,0x32,0x2e,0x4d,0xc9,0xed,0x4b,0x0a,0x4d,0xed,
  0x5b,0x39,0x4d,0x2a,0x1c,0x4d,0x29,0x19,0x7d,0x87,0x91,0x6f,0x7c,0x87,0x90,0x67,
  0xeb,0x2a,0x0e,0x4d,0x3a,0x2e,0x4d,0xcd,0x66,0x29,0x22,0x22,0x4d,0x32,0x2e,0x4d,
  0xc9,0x3a,0xc1,0x4d,0xcb,0x47,0xc2,0x13,0x28,0x3a,0x04,0x4e,0xfe,0x03,0x20,0x13,
  0x2a,0x10,0x4d,0x3a,0x2f,0x4d,0x11,0x40,0x3b,0xcd,0x66,0x29,0x22,0x24,0x4d,0x32,
  0x2f,0x4d,0xc9,0xdd,0x21,0x39,0x4d,0xfd,0x21,0x10,0x4d,0xcd,0xea,0x29,0x11,0x40,
  0x00,0xa7,0xed,0x52,0xda,0x00,0x28,0x2a,0x10,0x4d,0xed,0x5b,0x39,0x4d,0x3a,0x2f,
  0x4d,0xcd,0x66,0x29,0x22,0x24,0x4d,0x32,0x2f,0x4d,0xc9,0x3a,0xac,0x4d,0xa7,0xca,
  0x55,0x28,0x11,0x2c,0x2e,0x2a,0x0a,0x4d,0x3a,0x2c,0x4d,0xcd,0x66,0x29,0x22,0x1e,
  0x4d,0x32,0x2c,0x4d,0xc9,0x2a,0x0a,0x4d,0x3a,0x2c,0x4d,0xcd,0x1e,0x29,0x22,0x1e,
  0x4d,0x32,0x2c,0x4d,0xc9,0x3a,0xad,0x4d,0xa7,0xca,0x7f,0x28,0x11,0x2c,0x2e,0x2a,
  0x0c,0x4d,0x3a,0x2d,0x4d,0xcd,0x66,0x29,0x22,0x20,0x4d,0x32,0x2d,0x4d,0xc9,0x2a,
  0x0c,0x4d,0x3a,0x2d,0x4d,0xcd,0x1e,0x29,0x22,0x20,0x4d,0x32,0x2d,0x4d,0xc9,0x3a,
  0xae,0x4d,0xa7,0xca,0xa9,0x28,0x11,0x2c,0x2e,0x2a,0x0e,0x4d,0x3a,0x2e,0x4d,0xcd,
  0x66,0x29,0x22,0x22,0x4d,0x32,0x2e,0x4d,0xc9,0x2a,0x0e,0x4d,0x3a,0x2e,0x4d,0xcd,
  0x1e,0x29,0x22,0x22,0x4d,0x32,0x2e,0x4d,0xc9,0x3a,0xaf,0x4d,0xa7,0xca,0xd3,0x28,
  0x11,0x2c,0x2e,0x2a,0x10,0x4d,0x3a,0x2f,0x4d,0xcd,0x66,0x29,0x22,0x24,0x4d,0x32,
  0x2f,0x4d,0xc9,0x2a,0x10,0x4d,0x3a,0x2f,0x4d,0xcd,0x1e,0x29,0x22,0x24,0x4d,0x32,
  0x2f,0x4d,0xc9,0x3a,0xa7,0x4d,0xa7,0xca,0xfe,0x28,0x2a,0x12,0x4d,0xed,0x5b,0x0c,
  0x4d,0x3a,0x3c,0x4d,0xcd,0x66,0x29,0x22,0x26,0x4d,0x32,0x3c,0x4d,0xc9,0x2a,0x39,
  0x4d,0xed,0x4b,0x0c,0x4d,0x7d,0x87,0x91,0x6f,0x7c,0x87,0x90,0x67,0xeb,0x2a,0x12,
  0x4d,0x3a,0x3c,0x4d,0xcd,0x66,0x29,0x22,0x26,0x4d,0x32,0x3c,0x4d,0xc9,0x22,0x3e,
  0x4d,0xee,0x02,0x32,0x3d,0x4d,0xcd,0x23,0x2a,0xe6,0x03,0x21,0x3b,0x4d,0x77,0x87,
  0x5f,0x16,0x00,0xdd,0x21,0xff,0x32,0xdd,0x19,0xfd,0x21,0x3e,0x4d,0x3a,0x3d,0x4d,
  0xbe,0xca,0x57,0x29,0xcd,0x0f,0x20,0xe6,0xc0,0xd6,0xc0,0x28,0x0a,0xdd,0x6e,0x00,
  0xdd,0x66,0x01,0x3a,0x3b,0x4d,0xc9,0xdd,0x23,0xdd,0x23,0x21,0x3b,0x4d,0x7e,0x3c,
  0xe6,0x03,0x77,0xc3,0x3d,0x29,0x22,0x3e,0x4d,0xed,0x53,0x40,0x4d,0x32,0x3b,0x4d,
  0xee,0x02,0x32,0x3d,0x4d,0x21,0xff,0xff,0x22,0x44,0x4d,0xdd,0x21,0xff,0x32,0xfd,
  0x21,0x3e,0x4d,0x21,0xc7,0x4d,0x36,0x00,0x3a,0x3d,0x4d,0xbe,0xca,0xc6,0x29,0xcd,
  0x00,0x20,0x22,0x42,0x4d,0xcd,0x65,0x00,0x7e,0xe6,0xc0,0xd6,0xc0,0x28,0x27,0xdd,
  0xe5,0xfd,0xe5,0xdd,0x21,0x40,0x4d,0xfd,0x21,0x42,0x4d,0xcd,0xea,0x29,0xfd,0xe1,
  0xdd,0xe1,0xeb,0x2a,0x44,0x4d,0xa7,0xed,0x52,0xda,0xc6,0x29,0xed,0x53,0x44,0x4d,
  0x3a,0xc7,0x4d,0x32,0x3b,0x4d,0xdd,0x23,0xdd,0x23,0x21,0xc7,0x4d,0x34,0x3e,0x04,
  0xbe,0xc2,0x88,0x29,0x3a,0x3b,0x4d,0x87,0x5f,0x16,0x00,0xdd,0x21,0xff,0x32,0xdd,
  0x19,0xdd,0x6e,0x00,0xdd,0x66,0x01,0xcb,0x3f,0xc9,0xdd,0x7e,0x00,0xfd,0x46,0x00,
  0x90,0xd2,0xf9,0x29,0x78,0xdd,0x46,0x00,0x90,0xcd,0x12,0x2a,0xe5,0xdd,0x7e,0x01,
  0xfd,0x46,0x01,0x90,0xd2,0x0c,0x2a,0x78,0xdd,0x46,0x01,0x90,0xcd,0x12,0x2a,0xc1,
  0x09,0xc9,0x67,0x5f,0x2e,0x00,0x55,0x0e,0x08,0x29,0xd2,0x1e,0x2a,0x19,0x0d,0xc2,
  0x19,0x2a,0xc9,0x2a,0xc9,0x4d,0x54,0x5d,0x29,0x29,0x19,0x23,0x7c,0xe6,0x1f,0x67,
  0x7e,0x22,0xc9,0x4d,0xc9,0x11,0x40,0x40,0x21,0xc0,0x43,0xa7,0xed,0x52,0xc8,0x1a,
  0xfe,0x10,0xca,0x53,0x2a,0xfe,0x12,0xca,0x53,0x2a,0xfe,0x14,0xca,0x53,0x2a,0x13,
  0xc3,0x38,0x2a,0x3e,0x40,0x12,0x13,0xc3,0x38,0x2a,0x3a,0x00,0x4e,0xfe,0x01,0xc8,
  0x21,0x17,0x2b,0xdf,0xeb,0xcd,0x0b,0x2b,0x7b,0x86,0x27,0x77,0x23,0x7a,0x8e,0x27,
  0x77,0x5f,0x23,0x3e,0x00,0x8e,0x27,0x77,0x57,0xeb,0x29,0x29,0x29,0x29,0x3a,0x71,
  0x4e,0x3d,0xbc,0xdc,0x33,0x2b,0xcd,0xaf,0x2a,0x13,0x13,0x13,0x21,0x8a,0x4e,0x06,
  0x03,0x1a,0xbe,0xd8,0x20,0x05,0x1b,0x2b,0x10,0xf7,0xc9,0xcd,0x0b,0x2b,0x11,0x88,
  0x4e,0x01,0x03,0x00,0xed,0xb0,0x1b,0x01,0x04,0x03,0x21,0xf2,0x43,0x18,0x0f,0x3a,
  0x09,0x4e,0x01,0x04,0x03,0x21,0xfc,0x43,0xa7,0x28,0x03,0x21,0xe9,0x43,0x1a,0x0f,
  0x0f,0x0f,0x0f,0xcd,0xce,0x2a,0x1a,0xcd,0xce,0x2a,0x1b,0x10,0xf1,0xc9,0xe6,0x0f,
  0x28,0x04,0x0e,0x00,0x18,0x07,0x79,0xa7,0x28,0x03,0x3e,0x40,0x0d,0x77,0x2b,0xc9,
  0x06,0x00,0xcd,0x5e,0x2c,0xaf,0x21,0x80,0x4e,0x06,0x08,0xcf,0x01,0x04,0x03,0x11,
  0x82,0x4e,0x21,0xfc,0x43,0xcd,0xbe,0x2a,0x01,0x04,0x03,0x11,0x86,0x4e,0x21,0xe9,
  0x43,0x3a,0x70,0x4e,0xa7,0x20,0xb7,0x0e,0x06,0x18,0xb3,0x3a,0x09,0x4e,0x21,0x80,
  0x4e,0xa7,0xc8,0x21,0x84,0x4e,0xc9,0x10,0x00,0x50,0x00,0x00,0x02,0x00,0x04,0x00,
  0x08,0x00,0x16,0x00,0x01,0x00,0x03,0x00,0x05,0x00,0x07,0x00,0x10,0x00,0x20,0x00,
  0x30,0x00,0x50,0x13,0x6b,0x62,0x1b,0xcb,0x46,0xc0,0xcb,0xc6,0x21,0x9c,0x4e,0xcb,
  0xc6,0x21,0x14,0x4e,0x34,0x21,0x15,0x4e,0x34,0x46,0x21,0x1a,0x40,0x0e,0x05,0x78,
  0xa7,0x28,0x0e,0xfe,0x06,0x30,0x0a,0x3e,0x20,0xcd,0x8f,0x2b,0x2b,0x2b,0x0d,0x10,
  0xf6,0x0d,0xf8,0xcd,0x7e,0x2b,0x2b,0x2b,0x18,0xf7,0x3a,0x00,0x4e,0xfe,0x01,0xc8,
  0xcd,0xcd,0x2b,0x12,0x44,0x09,0x0a,0x02,0x21,0x15,0x4e,0x46,0x18,0xcc,0x3e,0x40,
  0xe5,0xd5,0x77,0x23,0x77,0x11,0x1f,0x00,0x19,0x77,0x23,0x77,0xd1,0xe1,0xc9,0xe5,
  0xd5,0x11,0x1f,0x00,0x77,0x3c,0x23,0x77,0x3c,0x19,0x77,0x3c,0x23,0x77,0xd1,0xe1,
  0xc9,0x3a,0x6e,0x4e,0xfe,0xff,0x20,0x05,0x06,0x02,0xc3,0x5e,0x2c,0x06,0x01,0xcd,
  0x5e,0x2c,0x3a,0x6e,0x4e,0xe6,0xf0,0x28,0x09,0x0f,0x0f,0x0f,0x0f,0xc6,0x30,0x32,
  0x34,0x40,0x3a,0x6e,0x4e,0xe6,0x0f,0xc6,0x30,0x32,0x33,0x40,0xc9,0xe1,0x5e,0x23,
  0x56,0x23,0x4e,0x23,0x46,0x23,0x7e,0x23,0xe5,0xeb,0x11,0x20,0x00,0xe5,0xc5,0x71,
  0x23,0x10,0xfc,0xc1,0xe1,0x19,0x3d,0x20,0xf4,0xc9,0x3a,0x00,0x4e,0xfe,0x01,0xc8,
  0x3a,0x13,0x4e,0x3c,0xfe,0x08,0xd2,0x2e,0x2c,0x11,0x08,0x3b,0x47,0x0e,0x07,0x21,
  0x04,0x40,0x1a,0xcd,0x8f,0x2b,0x3e,0x04,0x84,0x67,0x13,0x1a,0xcd,0x80,0x2b,0x3e,
  0xfc,0x84,0x67,0x13,0x23,0x23,0x0d,0x10,0xe9,0x0d,0xf8,0xcd,0x7e,0x2b,0x3e,0x04,
  0x84,0x67,0xaf,0xcd,0x80,0x2b,0x3e,0xfc,0x84,0x67,0x23,0x23,0x18,0xeb,0xfe,0x13,
  0x38,0x02,0x3e,0x13,0xd6,0x07,0x4f,0x06,0x00,0x21,0x08,0x3b,0x09,0x09,0xeb,0x06,
  0x07,0xc3,0xfd,0x2b,0x47,0xe6,0x0f,0xc6,0x00,0x27,0x4f,0x78,0xe6,0xf0,0x28,0x0b,
  0x0f,0x0f,0x0f,0x0f,0x47,0xaf,0xc6,0x16,0x27,0x10,0xfb,0x81,0x27,0xc9,0x21,0xa5,
  0x36,0xdf,0x5e,0x23,0x56,0xdd,0x21,0x00,0x44,0xdd,0x19,0xdd,0xe5,0x11,0x00,0xfc,
  0xdd,0x19,0x11,0xff,0xff,0xcb,0x7e,0x20,0x03,0x11,0xe0,0xff,0x23,0x78,0x01,0x00,
  0x00,0x87,0x38,0x28,0x7e,0xfe,0x2f,0x28,0x09,0xdd,0x77,0x00,0x23,0xdd,0x19,0x04,
  0x18,0xf2,0x23,0xdd,0xe1,0x7e,0xa7,0xfa,0xa4,0x2c,0x7e,0xdd,0x77,0x00,0x23,0xdd,
  0x19,0x10,0xf7,0xc9,0xdd,0x77,0x00,0xdd,0x19,0x10,0xf9,0xc9,0x7e,0xfe,0x2f,0x28,
  0x0a,0xdd,0x36,0x00,0x40,0x23,0xdd,0x19,0x04,0x18,0xf1,0x23,0x04,0xed,0xb1,0x18,
  0xd2,0x21,0xc8,0x3b,0xdd,0x21,0xcc,0x4e,0xfd,0x21,0x8c,0x4e,0xcd,0x44,0x2d,0x47,
  0x3a,0xcc,0x4e,0xa7,0x28,0x04,0x78,0x32,0x91,0x4e,0x21,0xcc,0x3b,0xdd,0x21,0xdc,
  0x4e,0xfd,0x21,0x92,0x4e,0xcd,0x44,0x2d,0x47,0x3a,0xdc,0x4e,0xa7,0x28,0x04,0x78,
  0x32,0x96,0x4e,0x21,0xd0,0x3b,0xdd,0x21,0xec,0x4e,0xfd,0x21,0x97,0x4e,0xcd,0x44,
  0x2d,0x47,0x3a,0xec,0x4e,0xa7,0xc8,0x78,0x32,0x9b,0x4e,0xc9,0x21,0x30,0x3b,0xdd,
  0x21,0x9c,0x4e,0xfd,0x21,0x8c,0x4e,0xcd,0xee,0x2d,0x32,0x91,0x4e,0x21,0x40,0x3b,
  0xdd,0x21,0xac,0x4e,0xfd,0x21,0x92,0x4e,0xcd,0xee,0x2d,0x32,0x96,0x4e,0x21,0x80,
  0x3b,0xdd,0x21,0xbc,0x4e,0xfd,0x21,0x97,0x4e,0xcd,0xee,0x2d,0x32,0x9b,0x4e,0xaf,
  0x32,0x90,0x4e,0xc9,0xdd,0x7e,0x00,0xa7,0xca,0xf4,0x2d,0x4f,0x06,0x08,0x1e,0x80,
  0x7b,0xa1,0x20,0x05,0xcb,0x3b,0x10,0xf8,0xc9,0xdd,0x7e,0x02,0xa3,0x20,0x07,0xdd,
  0x73,0x02,0x05,0xdf,0x18,0x0c,0xdd,0x35,0x0c,0xc2,0xd7,0x2d,0xdd,0x6e,0x06,0xdd,
  0x66,0x07,0x7e,0x23,0xdd,0x75,0x06,0xdd,0x74,0x07,0xfe,0xf0,0x38,0x27,0x21,0x6c,
  0x2d,0xe5,0xe6,0x0f,0xe7,0x55,0x2f,0x65,0x2f,0x77,0x2f,0x89,0x2f,0x9b,0x2f,0x0c,
  0x00,0x0c,0x00,0x0c,0x00,0x0c,0x00,0x0c,0x00,0x0c,0x00,0x0c,0x00,0x0c,0x00,0x0c,
  0x00,0x0c,0x00,0xad,0x2f,0x47,0xe6,0x1f,0x28,0x03,0xdd,0x70,0x0d,0xdd,0x4e,0x09,
  0xdd,0x7e,0x0b,0xe6,0x08,0x28,0x02,0x0e,0x00,0xdd,0x71,0x0f,0x78,0x07,0x07,0x07,
  0xe6,0x07,0x21,0xb0,0x3b,0xd7,0xdd,0x77,0x0c,0x78,0xe6,0x1f,0x28,0x09,0xe6,0x0f,
  0x21,0xb8,0x3b,0xd7,0xdd,0x77,0x0e,0xdd,0x6e,0x0e,0x26,0x00,0xdd,0x7e,0x0d,0xe6,
  0x10,0x28,0x02,0x3e,0x01,0xdd,0x86,0x04,0xca,0xe8,0x2e,0xc3,0xe4,0x2e,0xdd,0x7e,
  0x00,0xa7,0x20,0x27,0xdd,0x7e,0x02,0xa7,0xc8,0xdd,0x36,0x02,0x00,0xdd,0x36,0x0d,
  0x00,0xdd,0x36,0x0e,0x00,0xdd,0x36,0x0f,0x00,0xfd,0x36,0x00,0x00,0xfd,0x36,0x01,
  0x00,0xfd,0x36,0x02,0x00,0xfd,0x36,0x03,0x00,0xaf,0xc9,0x4f,0x06,0x08,0x1e,0x80,
  0x7b,0xa1,0x20,0x05,0xcb,0x3b,0x10,0xf8,0xc9,0xdd,0x7e,0x02,0xa3,0x20,0x3f,0xdd,
  0x73,0x02,0x05,0x78,0x07,0x07,0x07,0x4f,0x06,0x00,0xe5,0x09,0xdd,0xe5,0xd1,0x13,
  0x13,0x13,0x01,0x08,0x00,0xed,0xb0,0xe1,0xdd,0x7e,0x06,0xe6,0x7f,0xdd,0x77,0x0c,
  0xdd,0x7e,0x04,0xdd,0x77,0x0e,0xdd,0x7e,0x09,0x47,0x0f,0x0f,0x0f,0x0f,0xe6,0x0f,
  0xdd,0x77,0x0b,0xe6,0x08,0x20,0x07,0xdd,0x70,0x0f,0xdd,0x36,0x0d,0x00,0xdd,0x35,
  0x0c,0x20,0x5a,0xdd,0x7e,0x08,0xa7,0x28,0x10,0xdd,0x35,0x08,0x20,0x0b,0x7b,0x2f,
  0xdd,0xa6,0x00,0xdd,0x77,0x00,0xc3,0xee,0x2d,0xdd,0x7e,0x06,0xe6,0x7f,0xdd,0x77,
  0x0c,0xdd,0xcb,0x06,0x7e,0x28,0x16,0xdd,0x7e,0x05,0xed,0x44,0xdd,0x77,0x05,0xdd,
  0xcb,0x0d,0x46,0xdd,0xcb,0x0d,0xc6,0x28,0x24,0xdd,0xcb,0x0d,0x86,0xdd,0x7e,0x04,
  0xdd,0x86,0x07,0xdd,0x77,0x04,0xdd,0x77,0x0e,0xdd,0x7e,0x09,0xdd,0x86,0x0a,0xdd,
  0x77,0x09,0x47,0xdd,0x7e,0x0b,0xe6,0x08,0x20,0x03,0xdd,0x70,0x0f,0xdd,0x7e,0x0e,
  0xdd,0x86,0x05,0xdd,0x77,0x0e,0x6f,0x26,0x00,0xdd,0x7e,0x03,0xe6,0x70,0x28,0x08,
  0x0f,0x0f,0x0f,0x0f,0x47,0x29,0x10,0xfd,0xfd,0x75,0x00,0x7d,0x0f,0x0f,0x0f,0x0f,
  0xfd,0x77,0x01,0xfd,0x74,0x02,0x7c,0x0f,0x0f,0x0f,0x0f,0xfd,0x77,0x03,0xdd,0x7e,
  0x0b,0xe7,0x22,0x2f,0x26,0x2f,0x2b,0x2f,0x3c,0x2f,0x43,0x2f,0x4a,0x2f,0x4b,0x2f,
  0x4c,0x2f,0x4d,0x2f,0x4e,0x2f,0x4f,0x2f,0x50,0x2f,0x51,0x2f,0x52,0x2f,0x53,0x2f,
  0x54,0x2f,0xdd,0x7e,0x0f,0xc9,0xdd,0x7e,0x0f,0x18,0x09,0x3a,0x84,0x4c,0xe6,0x01,
  0xdd,0x7e,0x0f,0xc0,0xe6,0x0f,0xc8,0x3d,0xdd,0x77,0x0f,0xc9,0x3a,0x84,0x4c,0xe6,
  0x03,0x18,0xed,0x3a,0x84,0x4c,0xe6,0x07,0x18,0xe6,0xc9,0xc9,0xc9,0xc9,0xc9,0xc9,
  0xc9,0xc9,0xc9,0xc9,0xc9,0xdd,0x6e,0x06,0xdd,0x66,0x07,0x7e,0xdd,0x77,0x06,0x23,
  0x7e,0xdd,0x77,0x07,0xc9,0xdd,0x6e,0x06,0xdd,0x66,0x07,0x7e,0x23,0xdd,0x75,0x06,
  0xdd,0x74,0x07,0xdd,0x77,0x03,0xc9,0xdd,0x6e,0x06,0xdd,0x66,0x07,0x7e,0x23,0xdd,
  0x75,0x06,0xdd,0x74,0x07,0xdd,0x77,0x04,0xc9,0xdd,0x6e,0x06,0xdd,0x66,0x07,0x7e,
  0x23,0xdd,0x75,0x06,0xdd,0x74,0x07,0xdd,0x77,0x09,0xc9,0xdd,0x6e,0x06,0xdd,0x66,
  0x07,0x7e,0x23,0xdd,0x75,0x06,0xdd,0x74,0x07,0xdd,0x77,0x0b,0xc9,0xdd,0x7e,0x02,
  0x2f,0xdd,0xa6,0x00,0xdd,0x77,0x00,0xc3,0xf4,0x2d,0x00,0x00,0x00,0x00,0x00,0x00,
  0x00,0x00,0x00,0x00,0x00,0x00,0x00,0x00,0x00,0x00,0x00,0x00,0x00,0x00,0x00,0x00,
  0x00,0x00,0x00,0x00,0x00,0x00,0x00,0x00,0x00,0x00,0x00,0x00,0x00,0x00,0x00,0x00,
  0x00,0x00,0x00,0x00,0x00,0x00,0x00,0x00,0x00,0x00,0x00,0x00,0x00,0x00,0x00,0x00,
  0x00,0x00,0x00,0x00,0x00,0x00,0x00,0x00,0x00,0x00,0x00,0x00,0x00,0x00,0x83,0x4c,
  0x21,0x00,0x00,0x01,0x00,0x10,0x32,0xc0,0x50,0x79,0x86,0x4f,0x7d,0xc6,0x02,0x6f,
  0xfe,0x02,0xd2,0x09,0x30,0x24,0x10,0xee,0x79,0xa7,0x20,0x15,0x32,0x07,0x50,0x7c,
  0xfe,0x30,0xc2,0x03,0x30,0x26,0x00,0x2c,0x7d,0xfe,0x02,0xda,0x03,0x30,0xc3,0x42,
  0x30,0x25,0x7c,0xe6,0xf0,0x32,0x07,0x50,0x0f,0x0f,0x0f,0x0f,0x5f,0x06,0x00,0xc3,
  0xbd,0x30,0x31,0x54,0x31,0x06,0xff,0xe1,0xd1,0x48,0x32,0xc0,0x50,0x79,0xa3,0x77,
  0xc6,0x33,0x4f,0x2c,0x7d,0xe6,0x0f,0xc2,0x4d,0x30,0x79,0x87,0x87,0x81,0xc6,0x31,
  0x4f,0x7d,0xa7,0xc2,0x4d,0x30,0x24,0x15,0xc2,0x4a,0x30,0x3b,0x3b,0x3b,0x3b,0xe1,
  0xd1,0x48,0x32,0xc0,0x50,0x79,0xa3,0x4f,0x7e,0xa3,0xb9,0xc2,0xb5,0x30,0xc6,0x33,
  0x4f,0x2c,0x7d,0xe6,0x0f,0xc2,0x75,0x30,0x79,0x87,0x87,0x81,0xc6,0x31,0x4f,0x7d,
  0xa7,0xc2,0x75,0x30,0x24,0x15,0xc2,0x72,0x30,0x3b,0x3b,0x3b,0x3b,0x78,0xd6,0x10,
  0x47,0x10,0xa4,0xf1,0xd1,0xfe,0x44,0xc2,0x45,0x30,0x7b,0xee,0xf0,0xc2,0x45,0x30,
  0x06,0x01,0xc3,0xbd,0x30,0x7b,0xe6,0x01,0xee,0x01,0x5f,0x06,0x00,0x31,0xc0,0x4f,
  0xd9,0x21,0x00,0x4c,0x06,0x04,0x32,0xc0,0x50,0x36,0x00,0x2c,0x20,0xfb,0x24,0x10,
  0xf5,0x21,0x00,0x40,0x06,0x04,0x32,0xc0,0x50,0x3e,0x40,0x77,0x2c,0x20,0xfc,0x24,
  0x10,0xf4,0x06,0x04,0x32,0xc0,0x50,0x3e,0x0f,0x77,0x2c,0x20,0xfc,0x24,0x10,0xf4,
  0xd9,0x10,0x08,0x06,0x23,0xcd,0x5e,0x2c,0xc3,0x74,0x31,0x7b,0xc6,0x30,0x32,0x84,
  0x41,0xc5,0xe5,0x06,0x24,0xcd,0x5e,0x2c,0xe1,0x7c,0xfe,0x40,0x2a,0x6c,0x31,0x38,
  0x11,0xfe,0x4c,0x2a,0x6e,0x31,0x30,0x0a,0xfe,0x44,0x2a,0x70,0x31,0x38,0x03,0x2a,
  0x72,0x31,0x7d,0x32,0x04,0x42,0x7c,0x32,0x64,0x42,0x3a,0x00,0x50,0x47,0x3a,0x40,
  0x50,0xb0,0xe6,0x01,0x20,0x11,0xc1,0x79,0xe6,0x0f,0x47,0x79,0xe6,0xf0,0x0f,0x0f,
  0x0f,0x0f,0x4f,0xed,0x43,0x85,0x41,0x32,0xc0,0x50,0x3a,0x40,0x50,0xe6,0x10,0x28,
  0xf6,0xc3,0x0b,0x23,0x00,0x4c,0x0f,0x04,0x00,0x4c,0xf0,0x04,0x00,0x40,0x0f,0x04,
  0x00,0x40,0xf0,0x04,0x00,0x44,0x0f,0x04,0x00,0x44,0xf0,0x04,0x4f,0x40,0x41,0x57,
  0x41,0x56,0x41,0x43,0x21,0x06,0x50,0x3e,0x01,0x77,0x2d,0x20,0xfc,0xaf,0x32,0x03,
  0x50,0xd6,0x04,0xd3,0x00,0x31,0xc0,0x4f,0x32,0xc0,0x50,0xaf,0x32,0x00,0x4e,0x3c,
  0x32,0x01,0x4e,0x32,0x00,0x50,0xfb,0x3a,0x00,0x50,0x2f,0x47,0xe6,0xe0,0x28,0x05,
  0x3e,0x02,0x32,0x9c,0x4e,0x3a,0x40,0x50,0x2f,0x4f,0xe6,0x60,0x28,0x05,0x3e,0x01,
  0x32,0x9c,0x4e,0x78,0xb1,0xe6,0x01,0x28,0x05,0x3e,0x08,0x32,0xbc,0x4e,0x78,0xb1,
  0xe6,0x02,0x28,0x05,0x3e,0x04,0x32,0xbc,0x4e,0x78,0xb1,0xe6,0x04,0x28,0x05,0x3e,
  0x10,0x32,0xbc,0x4e,0x78,0xb1,0xe6,0x08,0x28,0x05,0x3e,0x20,0x32,0xbc,0x4e,0x3a,
  0x80,0x50,0xe6,0x03,0xc6,0x25,0x47,0xcd,0x5e,0x2c,0x3a,0x80,0x50,0x0f,0x0f,0x0f,
  0x0f,0xe6,0x03,0xfe,0x03,0x20,0x08,0x06,0x2a,0xcd,0x5e,0x2c,0xc3,0x1c,0x32,0x07,
  0x5f,0xd5,0x06,0x2b,0xcd,0x5e,0x2c,0x06,0x2e,0xcd,0x5e,0x2c,0xd1,0x16,0x00,0x21,
  0xf9,0x32,0x19,0x7e,0x32,0x2a,0x42,0x23,0x7e,0x32,0x4a,0x42,0x3a,0x80,0x50,0x0f,
  0x0f,0xe6,0x03,0xc6,0x31,0xfe,0x34,0x20,0x01,0x3c,0x32,0x0c,0x42,0x06,0x29,0xcd,
  0x5e,0x2c,0x3a,0x40,0x50,0x07,0xe6,0x01,0xc6,0x2c,0x47,0xcd,0x5e,0x2c,0x3a,0x40,
  0x50,0xe6,0x10,0xca,0x88,0x31,0xaf,0x32,0x00,0x50,0xf3,0x21,0x07,0x50,0xaf,0x77,
  0x2d,0x20,0xfc,0x31,0xe2,0x3a,0x06,0x03,0xd9,0xe1,0xd1,0x32,0xc0,0x50,0xc1,0x3e,
  0x3c,0x77,0x23,0x72,0x23,0x10,0xf8,0x3b,0x3b,0xc1,0x71,0x23,0x3e,0x3f,0x77,0x23,
  0x10,0xf8,0x3b,0x3b,0x1d,0xc2,0x5b,0x32,0xf1,0xd9,0x10,0xdc,0x31,0xc0,0x4f,0x06,
  0x08,0xcd,0xed,0x32,0x10,0xfb,0x32,0xc0,0x50,0x3a,0x40,0x50,0xe6,0x10,0x28,0xf6,
  0x3a,0x40,0x50,0xe6,0x60,0xc2,0x4b,0x23,0x06,0x08,0xcd,0xed,0x32,0x10,0xfb,0x3a,
  0x40,0x50,0xe6,0x10,0xc2,0x4b,0x23,0x1e,0x01,0x06,0x04,0x32,0xc0,0x50,0xcd,0xed,
  0x32,0x3a,0x00,0x50,0xa3,0x20,0xf4,0xcd,0xed,0x32,0x32,0xc0,0x50,0x3a,0x00,0x50,
  0xee,0xff,0x20,0xf3,0x10,0xe5,0xcb,0x03,0x7b,0xfe,0x10,0xda,0xa9,0x32,0x21,0x00,
  0x40,0x06,0x04,0x3e,0x40,0x77,0x2c,0x20,0xfc,0x24,0x10,0xf7,0xcd,0xf4,0x3a,0x32,
  0xc0,0x50,0x3a,0x40,0x50,0xe6,0x10,0xca,0xdf,0x32,0xc3,0x4b,0x23,0x32,0xc0,0x50,
  0x21,0x00,0x28,0x2b,0x7c,0xb5,0x20,0xfb,0xc9,0x30,0x31,0x35,0x31,0x30,0x32,0x00,
  0xff,0x01,0x00,0x00,0x01,0xff,0x00,0x00,0xff,0x01,0x00,0x00,0x01,0xff,0x00,0x55,
  0x2a,0x55,0x2a,0x55,0x55,0x55,0x55,0x55,0x2a,0x55,0x2a,0x52,0x4a,0xa5,0x94,0x25,
  0x25,0x25,0x25,0x22,0x22,0x22,0x22,0x01,0x01,0x01,0x01,0x58,0x02,0x08,0x07,0x60,
  0x09,0x10,0x0e,0x68,0x10,0x70,0x17,0x14,0x19,0x52,0x4a,0xa5,0x94,0xaa,0x2a,0x55,
  0x55,0x55,0x2a,0x55,0x2a,0x52,0x4a,0xa5,0x94,0x92,0x24,0x25,0x49,0x48,0x24,0x22,
  0x91,0x01,0x01,0x01,0x01,0x00,0x00,0x00,0x00,0x00,0x00,0x00,0x00,0x00,0x00,0x00,
  0x00,0x00,0x00,0x55,0x2a,0x55,0x2a,0x55,0x55,0x55,0x55,0xaa,0x2a,0x55,0x55,0x55,
  0x2a,0x55,0x2a,0x52,0x4a,0xa5,0x94,0x48,0x24,0x22,0x91,0x21,0x44,0x44,0x08,0x58,
  0x02,0x34,0x08,0xd8,0x09,0xb4,0x0f,0x58,0x11,0x08,0x16,0x34,0x17,0x55,0x55,0x55,
  0x55,0xd5,0x6a,0xd5,0x6a,0xaa,0x6a,0x55,0xd5,0x55,0x55,0x55,0x55,0xaa,0x2a,0x55,
  0x55,0x92,0x24,0x92,0x24,0x22,0x22,0x22,0x22,0xa4,0x01,0x54,0x06,0xf8,0x07,0xa8,
  0x0c,0xd4,0x0d,0x84,0x12,0xb0,0x13,0xd5,0x6a,0xd5,0x6a,0xd6,0x5a,0xad,0xb5,0xd6,
  0x5a,0xad,0xb5,0xd5,0x6a,0xd5,0x6a,0xaa,0x6a,0x55,0xd5,0x92,0x24,0x25,0x49,0x48,
  0x24,0x22,0x91,0xa4,0x01,0x54,0x06,0xf8,0x07,0xa8,0x0c,0xd4,0x0d,0xfe,0xff,0xff,
  0xff,0x6d,0x6d,0x6d,0x6d,0x6d,0x6d,0x6d,0x6d,0xb6,0x6d,0x6d,0xdb,0x6d,0x6d,0x6d,
  0x6d,0xd6,0x5a,0xad,0xb5,0x25,0x25,0x25,0x25,0x92,0x24,0x92,0x24,0x2c,0x01,0xdc,
  0x05,0x08,0x07,0xb8,0x0b,0xe4,0x0c,0xfe,0xff,0xff,0xff,0xd5,0x6a,0xd5,0x6a,0xd5,
  0x6a,0xd5,0x6a,0xb6,0x6d,0x6d,0xdb,0x6d,0x6d,0x6d,0x6d,0xd6,0x5a,0xad,0xb5,0x48,
  0x24,0x22,0x91,0x92,0x24,0x92,0x24,0x2c,0x01,0xdc,0x05,0x08,0x07,0xb8,0x0b,0xe4,
  0x0c,0xfe,0xff,0xff,0xff,0x40,0xfc,0xd0,0xd2,0xd2,0xd2,0xd2,0xd2,0xd2,0xd2,0xd2,
  0xd4,0xfc,0xfc,0xfc,0xda,0x02,0xdc,0xfc,0xfc,0xfc,0xd0,0xd2,0xd2,0xd2,0xd2,0xd6,
  0xd8,0xd2,0xd2,0xd2,0xd2,0xd4,0xfc,0xda,0x09,0xdc,0xfc,0xfc,0xfc,0xda,0x02,0xdc,
  0xfc,0xfc,0xfc,0xda,0x05,0xde,0xe4,0x05,0xdc,0xfc,0xda,0x02,0xe6,0xe8,0xea,0x02,
  0xe6,0xea,0x02,0xdc,0xfc,0xfc,0xfc,0xda,0x02,0xdc,0xfc,0xfc,0xfc,0xda,0x02,0xe6,
  0xea,0x02,0xe7,0xeb,0x02,0xe6,0xea,0x02,0xdc,0xfc,0xda,0x02,0xde,0xfc,0xe4,0x02,
  0xde,0xe4,0x02,0xdc,0xfc,0xfc,0xfc,0xda,0x02,0xdc,0xfc,0xfc,0xfc,0xda,0x02,0xde,
  0xe4,0x05,0xde,0xe4,0x02,0xdc,0xfc,0xda,0x02,0xde,0xfc,0xe4,0x02,0xde,0xe4,0x02,
  0xdc,0xfc,0xfc,0xfc,0xda,0x02,0xdc,0xfc,0xfc,0xfc,0xda,0x02,0xde,0xf2,0xe8,0xe8,
  0xea,0x02,0xde,0xe4,0x02,0xdc,0xfc,0xda,0x02,0xe7,0xe9,0xeb,0x02,0xe7,0xeb,0x02,
  0xe7,0xd2,0xd2,0xd2,0xeb,0x02,0xe7,0xd2,0xd2,0xd2,0xeb,0x02,0xe7,0xe9,0xe9,0xe9,
  0xeb,0x02,0xde,0xe4,0x02,0xdc,0xfc,0xda,0x1b,0xde,0xe4,0x02,0xdc,0xfc,0xda,0x02,
  0xe6,0xe8,0xf8,0x02,0xf6,0xe8,0xe8,0xe8,0xe8,0xe8,0xe8,0xf8,0x02,0xf6,0xe8,0xe8,
  0xe8,0xea,0x02,0xe6,0xf8,0x02,0xf6,0xe8,0xe8,0xf4,0xe4,0x02,0xdc,0xfc,0xda,0x02,
  0xde,0xfc,0xe4,0x02,0xf7,0xe9,0xe9,0xf5,0xf3,0xe9,0xe9,0xf9,0x02,0xf7,0xe9,0xe9,
  0xe9,0xeb,0x02,0xde,0xe4,0x02,0xf7,0xe9,0xe9,0xf5,0xe4,0x02,0xdc,0xfc,0xda,0x02,
  0xde,0xfc,0xe4,0x05,0xde,0xe4,0x0b,0xde,0xe4,0x05,0xde,0xe4,0x02,0xdc,0xfc,0xda,
  0x02,0xde,0xfc,0xe4,0x02,0xe6,0xea,0x02,0xde,0xe4,0x02,0xec,0xd3,0xd3,0xd3,0xee,
  0x02,0xe6,0xea,0x02,0xde,0xe4,0x02,0xe6,0xea,0x02,0xde,0xe4,0x02,0xdc,0xfc,0xda,
  0x02,0xe7,0xe9,0xeb,0x02,0xde,0xe4,0x02,0xe7,0xeb,0x02,0xdc,0xfc,0xfc,0xfc,0xda,
  0x02,0xde,0xe4,0x02,0xe7,0xeb,0x02,0xde,0xe4,0x02,0xe7,0xeb,0x02,0xdc,0xfc,0xda,
  0x06,0xde,0xe4,0x05,0xf0,0xfc,0xfc,0xfc,0xda,0x02,0xde,0xe4,0x05,0xde,0xe4,0x05,
  0xdc,0xfc,0xfa,0xe8,0xe8,0xe8,0xea,0x02,0xde,0xf2,0xe8,0xe8,0xea,0x02,0xce,0xfc,
  0xfc,0xfc,0xda,0x02,0xde,0xf2,0xe8,0xe8,0xea,0x02,0xde,0xf2,0xe8,0xe8,0xea,0x02,
  0xdc,0x00,0x00,0x00,0x00,0x62,0x01,0x02,0x01,0x01,0x01,0x01,0x0c,0x01,0x01,0x04,
  0x01,0x01,0x01,0x04,0x04,0x03,0x0c,0x03,0x03,0x03,0x04,0x04,0x03,0x0c,0x03,0x01,
  0x01,0x01,0x03,0x04,0x04,0x03,0x0c,0x06,0x03,0x04,0x04,0x03,0x0c,0x06,0x03,0x04,
  0x01,0x01,0x01,0x01,0x01,0x01,0x01,0x01,0x01,0x01,0x01,0x01,0x01,0x01,0x01,0x01,
  0x01,0x01,0x01,0x01,0x01,0x01,0x01,0x01,0x01,0x03,0x04,0x04,0x0f,0x03,0x06,0x04,
  0x04,0x0f,0x03,0x06,0x04,0x04,0x01,0x01,0x01,0x0c,0x03,0x01,0x01,0x01,0x03,0x04,
  0x04,0x03,0x0c,0x03,0x03,0x03,0x04,0x04,0x03,0x0c,0x03,0x03,0x03,0x04,0x01,0x01,
  0x01,0x01,0x03,0x0c,0x01,0x01,0x01,0x03,0x01,0x01,0x01,0x08,0x18,0x08,0x18,0x04,
  0x01,0x01,0x01,0x01,0x03,0x0c,0x01,0x01,0x01,0x03,0x01,0x01,0x01,0x04,0x04,0x03,
  0x0c,0x03,0x03,0x03,0x04,0x04,0x03,0x0c,0x03,0x03,0x03,0x04,0x04,0x01,0x01,0x01,
  0x0c,0x03,0x01,0x01,0x01,0x03,0x04,0x04,0x0f,0x03,0x06,0x04,0x04,0x0f,0x03,0x06,
  0x04,0x01,0x01,0x01,0x01,0x01,0x01,0x01,0x01,0x01,0x01,0x01,0x01,0x01,0x01,0x01,
  0x01,0x01,0x01,0x01,0x01,0x01,0x01,0x01,0x01,0x01,0x03,0x04,0x04,0x03,0x0c,0x06,
  0x03,0x04,0x04,0x03,0x0c,0x06,0x03,0x04,0x04,0x03,0x0c,0x03,0x01,0x01,0x01,0x03,
  0x04,0x04,0x03,0x0c,0x03,0x03,0x03,0x04,0x01,0x02,0x01,0x01,0x01,0x01,0x0c,0x01,
  0x01,0x04,0x01,0x01,0x01,0x13,0x37,0x23,0x37,0x32,0x37,0x41,0x37,0x5a,0x37,0x6a,
  0x37,0x7a,0x37,0x86,0x37,0x9d,0x37,0xb1,0x37,0x00,0x3d,0x21,0x3d,0xfd,0x37,0x67,
  0x3d,0xe3,0x3d,0x86,0x3d,0x02,0x3e,0x4c,0x38,0x5a,0x38,0x3c,0x3d,0x57,0x3d,0xd3,
  0x3d,0x76,0x3d,0xf2,0x3d,0x01,0x00,0x02,0x00,0x03,0x00,0xbc,0x38,0xc4,0x38,0xce,
  0x38,0xd8,0x38,0xe2,0x38,0xec,0x38,0xf6,0x38,0x00,0x39,0x0a,0x39,0x1a,0x39,0x6f,
  0x39,0x2a,0x39,0x58,0x39,0x41,0x39,0x4f,0x3e,0x86,0x39,0x97,0x39,0xb0,0x39,0xbd,
  0x39,0xca,0x39,0xa5,0x3d,0x21,0x3e,0xc4,0x3d,0x40,0x3e,0x95,0x3d,0x11,0x3e,0xb4,
  0x3d,0x30,0x3e,0xd4,0x83,0x48,0x49,0x47,0x48,0x40,0x53,0x43,0x4f,0x52,0x45,0x2f,
  0x8f,0x2f,0x80,0x3b,0x80,0x43,0x52,0x45,0x44,0x49,0x54,0x40,0x40,0x40,0x2f,0x8f,
  0x2f,0x80,0x3b,0x80,0x46,0x52,0x45,0x45,0x40,0x50,0x4c,0x41,0x59,0x2f,0x8f,0x2f,
  0x80,0x8c,0x02,0x50,0x4c,0x41,0x59,0x45,0x52,0x40,0x4f,0x4e,0x45,0x2f,0x85,0x2f,
  0x10,0x10,0x1a,0x1a,0x1a,0x1a,0x1a,0x1a,0x10,0x10,0x8c,0x02,0x50,0x4c,0x41,0x59,
  0x45,0x52,0x40,0x54,0x57,0x4f,0x2f,0x85,0x2f,0x80,0x92,0x02,0x47,0x41,0x4d,0x45,
  0x40,0x40,0x4f,0x56,0x45,0x52,0x2f,0x81,0x2f,0x80,0x52,0x02,0x52,0x45,0x41,0x44,
  0x59,0x5b,0x2f,0x89,0x2f,0x90,0xee,0x02,0x50,0x55,0x53,0x48,0x40,0x53,0x54,0x41,
  0x52,0x54,0x40,0x42,0x55,0x54,0x54,0x4f,0x4e,0x2f,0x87,0x2f,0x80,0xb2,0x02,0x31,
  0x40,0x50,0x4c,0x41,0x59,0x45,0x52,0x40,0x4f,0x4e,0x4c,0x59,0x40,0x2f,0x85,0x2f,
  0x80,0xb2,0x02,0x31,0x40,0x4f,0x52,0x40,0x32,0x40,0x50,0x4c,0x41,0x59,0x45,0x52,
  0x53,0x2f,0x85,0x00,0x2f,0x00,0x80,0x00,0x96,0x03,0x42,0x4f,0x4e,0x55,0x53,0x40,
  0x50,0x55,0x43,0x4b,0x4d,0x41,0x4e,0x40,0x46,0x4f,0x52,0x40,0x40,0x40,0x30,0x30,
  0x30,0x40,0x5d,0x5e,0x5f,0x2f,0x8e,0x2f,0x80,0xba,0x02,0x5c,0x40,0x28,0x29,0x2a,
  0x2b,0x2c,0x2d,0x2e,0x40,0x31,0x39,0x38,0x30,0x2f,0x83,0x2f,0x80,0xc3,0x02,0x43,
  0x48,0x41,0x52,0x41,0x43,0x54,0x45,0x52,0x40,0x3a,0x40,0x4e,0x49,0x43,0x4b,0x4e,
  0x41,0x4d,0x45,0x2f,0x8f,0x2f,0x80,0x65,0x01,0x26,0x41,0x4b,0x41,0x42,0x45,0x49,
  0x26,0x2f,0x81,0x2f,0x80,0x45,0x01,0x26,0x4d,0x41,0x43,0x4b,0x59,0x26,0x2f,0x81,
  0x2f,0x80,0x48,0x01,0x26,0x50,0x49,0x4e,0x4b,0x59,0x26,0x2f,0x83,0x2f,0x80,0x48,
  0x01,0x26,0x4d,0x49,0x43,0x4b,0x59,0x26,0x2f,0x83,0x2f,0x80,0x76,0x02,0x10,0x40,
  0x31,0x30,0x40,0x5d,0x5e,0x5f,0x2f,0x9f,0x2f,0x80,0x78,0x02,0x14,0x40,0x35,0x30,
  0x40,0x5d,0x5e,0x5f,0x2f,0x9f,0x2f,0x80,0x5d,0x02,0x28,0x29,0x2a,0x2b,0x2c,0x2d,
  0x2e,0x2f,0x83,0x2f,0x80,0xc5,0x02,0x40,0x4f,0x49,0x4b,0x41,0x4b,0x45,0x3b,0x3b,
  0x3b,0x3b,0x2f,0x81,0x2f,0x80,0xc5,0x02,0x40,0x55,0x52,0x43,0x48,0x49,0x4e,0x3b,
  0x3b,0x3b,0x3b,0x3b,0x2f,0x81,0x2f,0x80,0xc8,0x02,0x40,0x4d,0x41,0x43,0x48,0x49,
  0x42,0x55,0x53,0x45,0x3b,0x3b,0x2f,0x83,0x2f,0x80,0xc8,0x02,0x40,0x52,0x4f,0x4d,
  0x50,0x3b,0x3b,0x3b,0x3b,0x3b,0x3b,0x3b,0x2f,0x83,0x2f,0x80,0x12,0x02,0x81,0x85,
  0x2f,0x83,0x2f,0x90,0x32,0x02,0x40,0x82,0x85,0x40,0x2f,0x83,0x2f,0x90,0x32,0x02,
  0x40,0x83,0x85,0x40,0x2f,0x83,0x2f,0x90,0x32,0x02,0x40,0x84,0x85,0x40,0x2f,0x83,
  0x2f,0x90,0x32,0x02,0x40,0x86,0x8d,0x8e,0x2f,0x83,0x2f,0x90,0x32,0x02,0x87,0x88,
  0x8d,0x8e,0x2f,0x83,0x2f,0x90,0x32,0x02,0x89,0x8a,0x8d,0x8e,0x2f,0x83,0x2f,0x90,
  0x32,0x02,0x8b,0x8c,0x8d,0x8e,0x2f,0x83,0x2f,0x90,0x04,0x03,0x4d,0x45,0x4d,0x4f,
  0x52,0x59,0x40,0x40,0x4f,0x4b,0x2f,0x8f,0x2f,0x80,0x04,0x03,0x42,0x41,0x44,0x40,
  0x40,0x40,0x40,0x52,0x40,0x4d,0x2f,0x8f,0x2f,0x80,0x08,0x03,0x31,0x40,0x43,0x4f,
  0x49,0x4e,0x40,0x40,0x31,0x40,0x43,0x52,0x45,0x44,0x49,0x54,0x40,0x2f,0x8f,0x2f,
  0x80,0x08,0x03,0x32,0x40,0x43,0x4f,0x49,0x4e,0x53,0x40,0x31,0x40,0x43,0x52,0x45,
  0x44,0x49,0x54,0x40,0x2f,0x8f,0x2f,0x80,0x08,0x03,0x31,0x40,0x43,0x4f,0x49,0x4e,
  0x40,0x40,0x32,0x40,0x43,0x52,0x45,0x44,0x49,0x54,0x53,0x2f,0x8f,0x2f,0x80,0x08,
  0x03,0x46,0x52,0x45,0x45,0x40,0x40,0x50,0x4c,0x41,0x59,0x40,0x40,0x40,0x40,0x40,
  0x40,0x40,0x2f,0x8f,0x2f,0x80,0x0a,0x03,0x42,0x4f,0x4e,0x55,0x53,0x40,0x40,0x4e,
  0x4f,0x4e,0x45,0x2f,0x8f,0x2f,0x80,0x0a,0x03,0x42,0x4f,0x4e,0x55,0x53,0x40,0x2f,
  0x8f,0x2f,0x80,0x0c,0x03,0x50,0x55,0x43,0x4b,0x4d,0x41,0x4e,0x2f,0x8f,0x2f,0x80,
  0x0e,0x03,0x54,0x41,0x42,0x4c,0x45,0x40,0x40,0x2f,0x8f,0x2f,0x80,0x0e,0x03,0x55,
  0x50,0x52,0x49,0x47,0x48,0x54,0x2f,0x8f,0x2f,0x80,0x0a,0x02,0x30,0x30,0x30,0x2f,
  0x8f,0x2f,0x80,0x6b,0x01,0x26,0x41,0x4f,0x53,0x55,0x4b,0x45,0x26,0x2f,0x85,0x2f,
  0x80,0x4b,0x01,0x26,0x4d,0x55,0x43,0x4b,0x59,0x26,0x2f,0x85,0x2f,0x80,0x6e,0x01,
  0x26,0x47,0x55,0x5a,0x55,0x54,0x41,0x26,0x2f,0x87,0x2f,0x80,0x4e,0x01,0x26,0x4d,
  0x4f,0x43,0x4b,0x59,0x26,0x2f,0x87,0x2f,0x80,0xcb,0x02,0x40,0x4b,0x49,0x4d,0x41,
  0x47,0x55,0x52,0x45,0x3b,0x3b,0x2f,0x85,0x2f,0x80,0xcb,0x02,0x40,0x53,0x54,0x59,
  0x4c,0x49,0x53,0x54,0x3b,0x3b,0x3b,0x3b,0x2f,0x85,0x2f,0x80,0xce,0x02,0x40,0x4f,
  0x54,0x4f,0x42,0x4f,0x4b,0x45,0x3b,0x3b,0x3b,0x2f,0x87,0x2f,0x80,0xce,0x02,0x40,
  0x43,0x52,0x59,0x42,0x41,0x42,0x59,0x3b,0x3b,0x3b,0x3b,0x2f,0x87,0x2f,0x80,0x01,
  0x01,0x03,0x01,0x01,0x01,0x03,0x02,0x02,0x02,0x01,0x01,0x01,0x01,0x02,0x04,0x04,
  0x04,0x06,0x02,0x02,0x02,0x02,0x04,0x02,0x04,0x04,0x04,0x06,0x02,0x02,0x02,0x02,
  0x01,0x01,0x01,0x01,0x02,0x04,0x04,0x04,0x06,0x02,0x02,0x02,0x02,0x06,0x04,0x05,
  0x01,0x01,0x03,0x01,0x01,0x01,0x04,0x01,0x01,0x01,0x03,0x01,0x01,0x04,0x01,0x01,
  0x01,0x6c,0x05,0x01,0x01,0x01,0x18,0x04,0x04,0x18,0x05,0x01,0x01,0x01,0x17,0x02,
  0x03,0x04,0x16,0x04,0x03,0x01,0x01,0x01,0x76,0x01,0x01,0x01,0x01,0x03,0x01,0x01,
  0x01,0x02,0x04,0x02,0x04,0x0e,0x02,0x04,0x02,0x04,0x02,0x04,0x0b,0x01,0x01,0x01,
  0x02,0x04,0x02,0x01,0x01,0x01,0x01,0x02,0x02,0x02,0x0e,0x02,0x04,0x02,0x04,0x02,
  0x01,0x02,0x01,0x0a,0x01,0x01,0x01,0x01,0x03,0x01,0x01,0x01,0x03,0x01,0x01,0x03,
  0x04,0x00,0x02,0x40,0x01,0x3e,0x3d,0x10,0x40,0x40,0x0e,0x3d,0x3e,0x10,0xc2,0x43,
  0x01,0x3e,0x3d,0x10,0x21,0xa2,0x40,0x11,0x4f,0x3a,0x36,0x14,0x1a,0xa7,0xc8,0x13,
  0x85,0x6f,0xd2,0xfa,0x3a,0x24,0x18,0xf2,0x90,0x14,0x94,0x0f,0x98,0x15,0x98,0x15,
  0xa0,0x14,0xa0,0x14,0xa4,0x17,0xa4,0x17,0xa8,0x09,0xa8,0x09,0x9c,0x16,0x9c,0x16,
  0xac,0x16,0xac,0x16,0xac,0x16,0xac,0x16,0xac,0x16,0xac,0x16,0xac,0x16,0xac,0x16,
  0x73,0x20,0x00,0x0c,0x00,0x0a,0x1f,0x00,0x72,0x20,0xfb,0x87,0x00,0x02,0x0f,0x00,
  0x36,0x20,0x04,0x8c,0x00,0x00,0x06,0x00,0x36,0x28,0x05,0x8b,0x00,0x00,0x06,0x00,
  0x36,0x30,0x06,0x8a,0x00,0x00,0x06,0x00,0x36,0x3c,0x07,0x89,0x00,0x00,0x06,0x00,
  0x36,0x48,0x08,0x88,0x00,0x00,0x06,0x00,0x24,0x00,0x06,0x08,0x00,0x00,0x0a,0x00,
  0x40,0x70,0xfa,0x10,0x00,0x00,0x0a,0x00,0x70,0x04,0x00,0x00,0x00,0x00,0x08,0x00,
  0x42,0x18,0xfd,0x06,0x00,0x01,0x0c,0x00,0x42,0x04,0x03,0x06,0x00,0x01,0x0c,0x00,
  0x56,0x0c,0xff,0x8c,0x00,0x02,0x0f,0x00,0x05,0x00,0x02,0x20,0x00,0x01,0x0c,0x00,
  0x41,0x20,0xff,0x86,0xfe,0x1c,0x0f,0xff,0x70,0x00,0x01,0x0c,0x00,0x01,0x08,0x00,
  0x01,0x02,0x04,0x08,0x10,0x20,0x40,0x80,0x00,0x57,0x5c,0x61,0x67,0x6d,0x74,0x7b,
  0x82,0x8a,0x92,0x9a,0xa3,0xad,0xb8,0xc3,0xd4,0x3b,0xf3,0x3b,0x58,0x3c,0x95,0x3c,
  0xde,0x3c,0xdf,0x3c,0xf1,0x02,0xf2,0x03,0xf3,0x0f,0xf4,0x01,0x82,0x70,0x69,0x82,
  0x70,0x69,0x83,0x70,0x6a,0x83,0x70,0x6a,0x82,0x70,0x69,0x82,0x70,0x69,0x89,0x8b,
  0x8d,0x8e,0xff,0xf1,0x02,0xf2,0x03,0xf3,0x0f,0xf4,0x01,0x67,0x50,0x30,0x47,0x30,
  0x67,0x50,0x30,0x47,0x30,0x67,0x50,0x30,0x47,0x30,0x4b,0x10,0x4c,0x10,0x4d,0x10,
  0x4e,0x10,0x67,0x50,0x30,0x47,0x30,0x67,0x50,0x30,0x47,0x30,0x67,0x50,0x30,0x47,
  0x30,0x4b,0x10,0x4c,0x10,0x4d,0x10,0x4e,0x10,0x67,0x50,0x30,0x47,0x30,0x67,0x50,
  0x30,0x47,0x30,0x67,0x50,0x30,0x47,0x30,0x4b,0x10,0x4c,0x10,0x4d,0x10,0x4e,0x10,
  0x77,0x20,0x4e,0x10,0x4d,0x10,0x4c,0x10,0x4a,0x10,0x47,0x10,0x46,0x10,0x65,0x30,
  0x66,0x30,0x67,0x40,0x70,0xf0,0xfb,0x3b,0xf1,0x00,0xf2,0x02,0xf3,0x0f,0xf4,0x00,
  0x42,0x50,0x4e,0x50,0x49,0x50,0x46,0x50,0x4e,0x49,0x70,0x66,0x70,0x43,0x50,0x4f,
  0x50,0x4a,0x50,0x47,0x50,0x4f,0x4a,0x70,0x67,0x70,0x42,0x50,0x4e,0x50,0x49,0x50,
  0x46,0x50,0x4e,0x49,0x70,0x66,0x70,0x45,0x46,0x47,0x50,0x47,0x48,0x49,0x50,0x49,
  0x4a,0x4b,0x50,0x6e,0xff,0xf1,0x01,0xf2,0x01,0xf3,0x0f,0xf4,0x00,0x26,0x67,0x26,
  0x67,0x26,0x67,0x23,0x44,0x42,0x47,0x30,0x67,0x2a,0x8b,0x70,0x26,0x67,0x26,0x67,
  0x26,0x67,0x23,0x44,0x42,0x47,0x30,0x67,0x23,0x84,0x70,0x26,0x67,0x26,0x67,0x26,
  0x67,0x23,0x44,0x42,0x47,0x30,0x67,0x29,0x6a,0x2b,0x6c,0x30,0x2c,0x6d,0x40,0x2b,
  0x6c,0x29,0x6a,0x67,0x20,0x29,0x6a,0x40,0x26,0x87,0x70,0xf0,0x9d,0x3c,0x00,0x00,
  0x00,0x00,0x00,0x00,0x00,0x00,0x00,0x00,0x00,0x00,0x00,0x00,0x00,0x00,0x00,0x00,
  0x00,0x00,0x00,0x00,0x00,0x00,0x00,0x00,0x00,0x00,0x00,0x00,0x00,0x00,0x00,0x00,
  0x96,0x03,0x42,0x4f,0x4e,0x55,0x53,0x40,0x50,0x41,0x43,0x3b,0x4d,0x41,0x4e,0x40,
  0x46,0x4f,0x52,0x40,0x40,0x40,0x30,0x30,0x30,0x40,0x5d,0x5e,0x5f,0x2f,0x8e,0x2f,
  0x80,0x3a,0x03,0x5c,0x40,0x31,0x39,0x38,0x30,0x40,0x4d,0x49,0x44,0x57,0x41,0x59,
  0x40,0x4d,0x46,0x47,0x25,0x43,0x4f,0x25,0x2f,0x83,0x2f,0x80,0x3d,0x03,0x5c,0x40,
  0x31,0x39,0x38,0x30,0x40,0x4d,0x49,0x44,0x57,0x41,0x59,0x40,0x4d,0x46,0x47,0x25,
  0x43,0x4f,0x25,0x2f,0x83,0x2f,0x80,0xc5,0x02,0x3b,0x53,0x48,0x41,0x44,0x4f,0x57,
  0x40,0x40,0x40,0x2f,0x81,0x2f,0x80,0x65,0x01,0x26,0x42,0x4c,0x49,0x4e,0x4b,0x59,
  0x26,0x40,0x2f,0x81,0x2f,0x80,0xc8,0x02,0x3b,0x53,0x50,0x45,0x45,0x44,0x59,0x40,
  0x40,0x40,0x2f,0x83,0x2f,0x80,0x68,0x01,0x26,0x50,0x49,0x4e,0x4b,0x59,0x26,0x40,
  0x40,0x2f,0x83,0x2f,0x80,0xcb,0x02,0x3b,0x42,0x41,0x53,0x48,0x46,0x55,0x4c,0x40,
  0x40,0x2f,0x85,0x2f,0x80,0x6b,0x01,0x26,0x49,0x4e,0x4b,0x59,0x26,0x40,0x40,0x40,
  0x2f,0x85,0x2f,0x80,0xce,0x02,0x3b,0x50,0x4f,0x4b,0x45,0x59,0x40,0x40,0x40,0x40,
  0x2f,0x87,0x2f,0x80,0x6e,0x01,0x26,0x43,0x4c,0x59,0x44,0x45,0x26,0x40,0x40,0x2f,
  0x87,0x2f,0x80,0xc5,0x02,0x3b,0x41,0x41,0x41,0x41,0x41,0x41,0x41,0x41,0x3b,0x2f,
  0x81,0x2f,0x80,0x65,0x01,0x26,0x42,0x42,0x42,0x42,0x42,0x42,0x42,0x26,0x2f,0x81,
  0x2f,0x80,0xc8,0x02,0x3b,0x43,0x43,0x43,0x43,0x43,0x43,0x43,0x43,0x3b,0x2f,0x83,
  0x2f,0x80,0x68,0x01,0x26,0x44,0x44,0x44,0x44,0x44,0x44,0x44,0x26,0x2f,0x83,0x2f,
  0x80,0xcb,0x02,0x3b,0x45,0x45,0x45,0x45,0x45,0x45,0x45,0x45,0x3b,0x2f,0x85,0x2f,
  0x80,0x6b,0x01,0x26,0x46,0x46,0x46,0x46,0x46,0x46,0x46,0x26,0x2f,0x85,0x2f,0x80,
  0xce,0x02,0x3b,0x47,0x47,0x47,0x47,0x47,0x47,0x47,0x47,0x3b,0x2f,0x87,0x2f,0x80,
  0x6e,0x01,0x26,0x48,0x48,0x48,0x48,0x48,0x48,0x48,0x26,0x2f,0x87,0x2f,0x80,0x0c,
  0x03,0x50,0x41,0x43,0x3b,0x4d,0x41,0x4e,0x2f,0x8f,0x2f,0x80,0x00,0x00,0x00,0x00,
  0x00,0x00,0x00,0x00,0x00,0x00,0x00,0x00,0x00,0x00,0x00,0x00,0x00,0x00,0x00,0x00,
  0x00,0x00,0x00,0x00,0x00,0x00,0x00,0x00,0x00,0x00,0x00,0x00,0x00,0x00,0x00,0x00,
  0x00,0x00,0x00,0x00,0x00,0x00,0x00,0x00,0x00,0x00,0x00,0x00,0x00,0x00,0x00,0x00,
  0x00,0x00,0x00,0x00,0x00,0x00,0x00,0x00,0x00,0x00,0x00,0x00,0x00,0x00,0x00,0x00,
  0x00,0x00,0x00,0x00,0x00,0x00,0x00,0x00,0x00,0x00,0x00,0x00,0x00,0x00,0x00,0x00,
  0x00,0x00,0x00,0x00,0x00,0x00,0x00,0x00,0x00,0x00,0x00,0x00,0x00,0x00,0x00,0x00,
  0x00,0x00,0x00,0x00,0x00,0x00,0x00,0x00,0x00,0x00,0x00,0x00,0x00,0x00,0x00,0x00,
  0x00,0x00,0x00,0x00,0x00,0x00,0x00,0x00,0x00,0x00,0x00,0x00,0x00,0x00,0x00,0x00,
  0x00,0x00,0x00,0x00,0x00,0x00,0x00,0x00,0x00,0x00,0x00,0x00,0x00,0x00,0x00,0x00,
  0x00,0x00,0x00,0x00,0x00,0x00,0x00,0x00,0x00,0x00,0x00,0x00,0x00,0x00,0x00,0x00,
  0x00,0x00,0x00,0x00,0x00,0x00,0x00,0x00,0x00,0x00,0x00,0x00,0x00,0x00,0x00,0x00,
  0x00,0x00,0x00,0x00,0x00,0x00,0x00,0x00,0x00,0x00,0x00,0x00,0x00,0x00,0x00,0x00,
  0x00,0x00,0x00,0x00,0x00,0x00,0x00,0x00,0x00,0x00,0x00,0x00,0x00,0x00,0x00,0x00,
  0x00,0x00,0x00,0x00,0x00,0x00,0x00,0x00,0x00,0x00,0x00,0x00,0x00,0x00,0x00,0x00,
  0x00,0x00,0x00,0x00,0x00,0x00,0x00,0x00,0x00,0x00,0x00,0x00,0x00,0x00,0x00,0x00,
  0x00,0x00,0x00,0x00,0x00,0x00,0x00,0x00,0x00,0x00,0x00,0x00,0x00,0x00,0x00,0x00,
  0x00,0x00,0x00,0x00,0x00,0x00,0x00,0x00,0x00,0x00,0x00,0x00,0x00,0x00,0x00,0x00,
  0x00,0x00,0x00,0x00,0x00,0x00,0x00,0x00,0x00,0x00,0x00,0x00,0x00,0x00,0x00,0x00,
  0x00,0x00,0x00,0x00,0x00,0x00,0x00,0x00,0x00,0x00,0x00,0x00,0x00,0x00,0x00,0x00,
  0x00,0x00,0x00,0x00,0x00,0x00,0x00,0x00,0x00,0x00,0x00,0x00,0x00,0x00,0x00,0x00,
  0x00,0x00,0x00,0x00,0x00,0x00,0x00,0x00,0x00,0x00,0x00,0x00,0x00,0x00,0x00,0x00,
  0x00,0x00,0x00,0x00,0x00,0x00,0x00,0x00,0x00,0x00,0x00,0x00,0x00,0x00,0x00,0x00,
  0x00,0x00,0x00,0x00,0x00,0x00,0x00,0x00,0x00,0x00,0x00,0x00,0x00,0x00,0x00,0x00,
  0x00,0x00,0x00,0x00,0x00,0x00,0x00,0x00,0x00,0x00,0x00,0x00,0x00,0x00,0x00,0x00,
  0x00,0x00,0x00,0x00,0x00,0x00,0x00,0x00,0x00,0x00,0x00,0x00,0x00,0x00,0x00,0x00,
  0x00,0x00,0x00,0x00,0x00,0x00,0x00,0x00,0x00,0x00,0x00,0x30,0x8d,0x00,0x75,0x73,
};

// graphics_rom (8192 bytes)
const char __at (0x4000) graphics_rom[0x2000] = {/*{w:8,h:8,np:2,count:256,brev:1}*/
  0xcc,0xee,0x11,0x11,0x33,0xee,0xcc,0x00,0x11,0x33,0x66,0x44,0x44,0x33,0x11,0x00,
  0x11,0x11,0xff,0xff,0x11,0x11,0x00,0x00,0x00,0x00,0x77,0x77,0x22,0x00,0x00,0x00,
  0x11,0x99,0xdd,0xdd,0xff,0x77,0x33,0x00,0x33,0x77,0x55,0x44,0x44,0x66,0x22,0x00,
  0x66,0xff,0x99,0x99,0x99,0x33,0x22,0x00,0x44,0x66,0x77,0x55,0x44,0x44,0x00,0x00,
  0x44,0xff,0xff,0x44,0x44,0xcc,0xcc,0x00,0x00,0x77,0x77,0x66,0x33,0x11,0x00,0x00,
  0xee,0xff,0x11,0x11,0x11,0x33,0x22,0x00,0x00,0x55,0x55,0x55,0x55,0x77,0x77,0x00,
  0x66,0xff,0x99,0x99,0x99,0xff,0xee,0x00,0x00,0x44,0x44,0x44,0x66,0x33,0x11,0x00,
  0x00,0x00,0x88,0xff,0x77,0x00,0x00,0x00,0x66,0x77,0x55,0x44,0x44,0x66,0x66,0x00,
  0x66,0x77,0xdd,0xdd,0x99,0x99,0x66,0x00,0x00,0x33,0x44,0x44,0x55,0x77,0x33,0x00,
  0xcc,0xee,0xbb,0x99,0x99,0x99,0x00,0x00,0x33,0x77,0x44,0x44,0x44,0x77,0x33,0x00,
  0xff,0xff,0x44,0x44,0x44,0xff,0xff,0x00,0x11,0x33,0x66,0x44,0x66,0x33,0x11,0x00,
  0x66,0xff,0x99,0x99,0x99,0xff,0xff,0x00,0x33,0x77,0x44,0x44,0x44,0x77,0x77,0x00,
  0x22,0x33,0x11,0x11,0x33,0xee,0xcc,0x00,0x22,0x66,0x44,0x44,0x66,0x33,0x11,0x00,
  0xcc,0xee,0x33,0x11,0x11,0xff,0xff,0x00,0x11,0x33,0x66,0x44,0x44,0x77,0x77,0x00,
  0x11,0x99,0x99,0x99,0xff,0xff,0x00,0x00,0x44,0x44,0x44,0x44,0x77,0x77,0x00,0x00,
  0x00,0x88,0x88,0x88,0x88,0xff,0xff,0x00,0x44,0x44,0x44,0x44,0x44,0x77,0x77,0x00,
  0x00,0x00,0x00,0x08,0x08,0x00,0x00,0x00,0x00,0x00,0x00,0x01,0x01,0x00,0x00,0x00,
  0x00,0x00,0x00,0x08,0x08,0x00,0x00,0x00,0x00,0x00,0x00,0x01,0x01,0x00,0x00,0x00,
  0x00,0x00,0x08,0x0c,0x0c,0x08,0x00,0x00,0x00,0x00,0x01,0x03,0x03,0x01,0x00,0x00,
  0x00,0x00,0x08,0x0c,0x0c,0x08,0x00,0x00,0x00,0x00,0x01,0x03,0x03,0x01,0x00,0x00,
  0x0c,0x0e,0x0f,0x0f,0x0f,0x0f,0x0e,0x0c,0x03,0x07,0x0f,0x0f,0x0f,0x0f,0x07,0x03,
  0x0c,0x0e,0x0f,0x0f,0x0f,0x0f,0x0e,0x0c,0x03,0x07,0x0f,0x0f,0x0f,0x0f,0x07,0x03,
  0x00,0x00,0x00,0x00,0x00,0x00,0x00,0x00,0x00,0x00,0x00,0x00,0x00,0x00,0x00,0x00,
  0x00,0x00,0x00,0x00,0x00,0x00,0x00,0x00,0x00,0x00,0x00,0x00,0x00,0x00,0x00,0x00,
  0x00,0x00,0x00,0x00,0x00,0x00,0x00,0x00,0x00,0x00,0x00,0x00,0x00,0x00,0x00,0x00,
  0x00,0x00,0x00,0x00,0x00,0x00,0x00,0x00,0x00,0x00,0x00,0x00,0x00,0x00,0x00,0x00,
  0x00,0x00,0x00,0x00,0x00,0x00,0x00,0x00,0x00,0x00,0x00,0x00,0x00,0x00,0x00,0x00,
  0x00,0x00,0x00,0x00,0x00,0x00,0x00,0x00,0x00,0x00,0x00,0x00,0x00,0x00,0x00,0x00,
  0x00,0x00,0x00,0x00,0x00,0x00,0x00,0x00,0x00,0x00,0x00,0x00,0x00,0x00,0x00,0x00,
  0x00,0x00,0x00,0x00,0x00,0x00,0x00,0x00,0x00,0x00,0x00,0x00,0x00,0x00,0x00,0x00,
  0x00,0x00,0x00,0x00,0x00,0x00,0x00,0x00,0x00,0x00,0x00,0x00,0x00,0x00,0x00,0x00,
  0x00,0x00,0x00,0x00,0x00,0x00,0x00,0x00,0x00,0x00,0x00,0x00,0x00,0x00,0x00,0x00,
  0x00,0x00,0x00,0x77,0xff,0xff,0xff,0xee,0x00,0x00,0x00,0x00,0x00,0x11,0x33,0x33,
  0xee,0xcc,0xcc,0x88,0x88,0x00,0x00,0x00,0x33,0x33,0x33,0x11,0x00,0x00,0x00,0x00,
  0x00,0x00,0x00,0x00,0x00,0x00,0x88,0x88,0x00,0x00,0x00,0xcc,0xee,0xff,0xff,0xff,
  0x88,0x88,0x88,0x00,0x00,0x00,0x00,0x00,0xff,0x77,0x77,0x33,0x22,0x00,0x00,0x00,
  0x00,0x00,0x00,0x00,0x00,0x00,0x00,0x00,0x00,0x00,0x00,0x00,0x00,0x00,0x00,0x00,
  0x00,0x00,0x00,0x00,0x00,0x66,0x66,0x00,0x00,0x00,0x00,0x00,0x00,0x00,0x00,0x00,
  0x00,0x00,0x00,0x00,0x00,0x00,0x00,0x00,0x00,0xee,0xdd,0x00,0xee,0xdd,0x00,0x00,
  0x00,0x00,0x00,0x00,0x00,0x00,0x00,0x00,0x00,0xee,0xdd,0x00,0xee,0xdd,0x00,0x00,
  0xff,0xff,0x00,0x00,0x00,0x00,0xff,0xff,0x77,0xff,0xcc,0xcc,0xcc,0xcc,0xff,0xff,
  0xbb,0xbb,0xbb,0xbb,0xff,0xff,0x00,0x00,0xdd,0xdd,0xdd,0xdd,0xdd,0x11,0x00,0x00,
  0x00,0x00,0xff,0xff,0x00,0x00,0xff,0xff,0xcc,0xcc,0xff,0xff,0x00,0x00,0x77,0xff,
  0x00,0x00,0xff,0xff,0x00,0x00,0xff,0xff,0x00,0x00,0x77,0xff,0xcc,0xcc,0xff,0xff,
  0x33,0x33,0x33,0x33,0x33,0x33,0xff,0xee,0xcc,0xcc,0xcc,0xcc,0xcc,0xcc,0xff,0x77,
  0x33,0x33,0x33,0x33,0xff,0xee,0x00,0x00,0xcc,0xcc,0xcc,0xcc,0xff,0x77,0x00,0x00,
  0x00,0x00,0x00,0x00,0x00,0x00,0xee,0xff,0x00,0x00,0x00,0x00,0x00,0x00,0x77,0xff,
  0x00,0x00,0x00,0x00,0x00,0x00,0x00,0x00,0x00,0x00,0x00,0x00,0x00,0x00,0x00,0x00,
  0x88,0xcc,0x22,0x22,0x66,0xcc,0x88,0x00,0x33,0x77,0xcc,0x88,0x88,0x77,0x33,0x00,
  0x22,0x22,0xee,0xee,0x22,0x22,0x00,0x00,0x00,0x00,0xff,0xff,0x44,0x00,0x00,0x00,
  0x22,0x22,0xaa,0xaa,0xee,0xee,0x66,0x00,0x66,0xff,0xbb,0x99,0x99,0xcc,0x44,0x00,
  0xcc,0xee,0x22,0x22,0x22,0x66,0x44,0x00,0x88,0xdd,0xff,0xbb,0x99,0x88,0x00,0x00,
  0x88,0xee,0xee,0x88,0x88,0x88,0x88,0x00,0x00,0xff,0xff,0xcc,0x66,0x33,0x11,0x00,
  0xcc,0xee,0x22,0x22,0x22,0x66,0x44,0x00,0x11,0xbb,0xaa,0xaa,0xaa,0xee,0xee,0x00,
  0xcc,0xee,0x22,0x22,0x22,0xee,0xcc,0x00,0x00,0x99,0x99,0x99,0xdd,0x77,0x33,0x00,
  0x00,0x00,0x00,0xee,0xee,0x00,0x00,0x00,0xcc,0xee,0xbb,0x99,0x88,0xcc,0xcc,0x00,
  0xcc,0xee,0xaa,0xaa,0x22,0x22,0xcc,0x00,0x00,0x66,0x99,0x99,0xbb,0xff,0x66,0x00,
  0x88,0xcc,0x66,0x22,0x22,0x22,0x00,0x00,0x77,0xff,0x99,0x99,0x99,0xff,0x66,0x00,
  0x00,0x00,0x00,0x00,0x88,0x44,0x22,0x00,0x88,0x44,0x22,0x11,0x00,0x00,0x00,0x00,
  0x00,0x00,0x00,0x00,0x00,0x00,0x00,0x00,0x00,0x00,0x11,0x11,0x11,0x00,0x00,0x00,
  0xff,0x00,0x00,0x00,0x00,0x00,0x00,0x00,0xff,0x88,0x88,0x88,0x88,0x88,0x88,0x88,
  0xff,0x11,0x11,0x11,0x11,0x11,0x11,0x11,0xff,0x00,0x00,0x00,0x00,0x00,0x00,0x00,
  0x00,0x00,0x00,0x00,0x00,0x00,0x00,0xff,0x88,0x88,0x88,0x88,0x88,0x88,0x88,0xff,
  0x11,0x11,0x11,0x11,0x11,0x11,0x11,0xff,0x00,0x00,0x00,0x00,0x00,0x00,0x00,0xff,
  0x00,0x00,0x00,0x00,0x00,0x00,0x00,0x00,0x00,0x00,0x00,0x00,0x00,0x00,0x00,0x00,
  0xee,0xee,0x88,0x88,0x88,0xee,0xee,0x00,0x33,0x77,0xcc,0x88,0xcc,0x77,0x33,0x00,
  0xcc,0xee,0x22,0x22,0x22,0xee,0xee,0x00,0x66,0xff,0x99,0x99,0x99,0xff,0xff,0x00,
  0x44,0x66,0x22,0x22,0x66,0xcc,0x88,0x00,0x44,0xcc,0x88,0x88,0xcc,0x77,0x33,0x00,
  0x88,0xcc,0x66,0x22,0x22,0xee,0xee,0x00,0x33,0x77,0xcc,0x88,0x88,0xff,0xff,0x00,
  0x22,0x22,0x22,0x22,0xee,0xee,0x00,0x00,0x88,0x99,0x99,0x99,0xff,0xff,0x00,0x00,
  0x00,0x00,0x00,0x00,0x00,0xee,0xee,0x00,0x88,0x99,0x99,0x99,0x99,0xff,0xff,0x00,
  0xee,0xee,0x22,0x22,0x66,0xcc,0x88,0x00,0x99,0x99,0x99,0x88,0xcc,0x77,0x33,0x00,
  0xee,0xee,0x00,0x00,0x00,0xee,0xee,0x00,0xff,0xff,0x11,0x11,0x11,0xff,0xff,0x00,
  0x22,0x22,0xee,0xee,0x22,0x22,0x00,0x00,0x88,0x88,0xff,0xff,0x88,0x88,0x00,0x00,
  0xcc,0xee,0x22,0x22,0x22,0x66,0x44,0x00,0xff,0xff,0x00,0x00,0x00,0x00,0x00,0x00,
  0x22,0x66,0xee,0xcc,0x88,0xee,0xee,0x00,0x88,0xcc,0x66,0x33,0x11,0xff,0xff,0x00,
  0x22,0x22,0x22,0x22,0xee,0xee,0x00,0x00,0x00,0x00,0x00,0x00,0xff,0xff,0x00,0x00,
  0xee,0xee,0x00,0x88,0x00,0xee,0xee,0x00,0xff,0xff,0x77,0x33,0x77,0xff,0xff,0x00,
  0xee,0xee,0xcc,0x88,0x00,0xee,0xee,0x00,0xff,0xff,0x11,0x33,0x77,0xff,0xff,0x00,
  0xcc,0xee,0x22,0x22,0x22,0xee,0xcc,0x00,0x77,0xff,0x88,0x88,0x88,0xff,0x77,0x00,
  0x00,0x88,0x88,0x88,0x88,0xee,0xee,0x00,0x77,0xff,0x88,0x88,0x88,0xff,0xff,0x00,
  0xaa,0xcc,0xee,0xaa,0x22,0xee,0xcc,0x00,0x77,0xff,0x88,0x88,0x88,0xff,0x77,0x00,
  0x22,0x66,0xee,0xcc,0x88,0xee,0xee,0x00,0x77,0xff,0x99,0x88,0x88,0xff,0xff,0x00,
  0xcc,0xee,0x22,0x22,0x22,0x66,0x44,0x00,0x00,0x55,0xdd,0x99,0x99,0xff,0x66,0x00,
  0x00,0x00,0xee,0xee,0x00,0x00,0x00,0x00,0x88,0x88,0xff,0xff,0x88,0x88,0x00,0x00,
  0xcc,0xee,0x22,0x22,0x22,0xee,0xcc,0x00,0xff,0xff,0x00,0x00,0x00,0xff,0xff,0x00,
  0x00,0x88,0xcc,0xee,0xcc,0x88,0x00,0x00,0xff,0xff,0x11,0x00,0x11,0xff,0xff,0x00,
  0xee,0xee,0xcc,0x88,0xcc,0xee,0xee,0x00,0xff,0xff,0x11,0x33,0x11,0xff,0xff,0x00,
  0x66,0xee,0xcc,0x88,0xcc,0xee,0x66,0x00,0xcc,0xee,0x77,0x33,0x77,0xee,0xcc,0x00,
  0x00,0x00,0xee,0xee,0x00,0x00,0x00,0x00,0xee,0xff,0x11,0x11,0xff,0xee,0x00,0x00,
  0x22,0x22,0x22,0xaa,0xee,0xee,0x66,0x00,0xcc,0xee,0xff,0xbb,0x99,0x88,0x88,0x00,
  0x00,0x00,0x00,0x00,0x88,0x22,0x00,0x00,0x00,0xcc,0xee,0xff,0x33,0x00,0x00,0x00,
  0xcc,0x22,0x11,0x55,0x55,0x99,0x22,0xcc,0x33,0x44,0x88,0xaa,0xaa,0x99,0x44,0x33,
  0x00,0x00,0x00,0x00,0x88,0x88,0x88,0xee,0x22,0x22,0x00,0x11,0x22,0x22,0x22,0x33,
  0xaa,0xaa,0xaa,0x22,0x00,0x00,0x00,0xee,0x22,0x22,0x22,0x11,0x00,0x22,0x22,0x33,
  0x00,0x00,0x00,0x00,0x00,0x00,0x00,0x44,0x00,0x00,0x00,0x00,0x00,0x00,0x00,0x22,
  0x01,0x00,0x00,0x00,0x00,0x00,0x00,0x00,0x00,0x00,0x00,0x00,0x00,0x00,0x00,0x00,
  0x00,0x00,0x00,0x00,0x00,0x00,0x00,0x00,0x0e,0x00,0x00,0x00,0x00,0x00,0x00,0x00,
  0x33,0x77,0xff,0xff,0xff,0xff,0xff,0x00,0x00,0x00,0x00,0x33,0x33,0x33,0x33,0x00,
  0x00,0x00,0x00,0x00,0x00,0x00,0x00,0x00,0xee,0xee,0xee,0xee,0xee,0xee,0xee,0x00,
  0x33,0x33,0x77,0x77,0xff,0xff,0xff,0xff,0x00,0x00,0x00,0x00,0x00,0x11,0x33,0x33,
  0x00,0x00,0x00,0x00,0x00,0x00,0x00,0x00,0xee,0xee,0xee,0xee,0xee,0xee,0xee,0xee,
  0xff,0xff,0xff,0x00,0x00,0x00,0x00,0x00,0x33,0x33,0x33,0x00,0x00,0x00,0x00,0x00,
  0x00,0x00,0x00,0x00,0x00,0x00,0x00,0x00,0xee,0xee,0xee,0x00,0x00,0x00,0x00,0x00,
  0x33,0x33,0x33,0x33,0x33,0x77,0x77,0xff,0x00,0x00,0x00,0x00,0x00,0x00,0x00,0x00,
  0x00,0x00,0x00,0x00,0x00,0x00,0x00,0x00,0xee,0xee,0xee,0xee,0xee,0xee,0xee,0xee,
  0xff,0xff,0xff,0xff,0xff,0x00,0x00,0x00,0x11,0x33,0x33,0x33,0x33,0x00,0x00,0x00,
  0x00,0x00,0x00,0x00,0x00,0x00,0x00,0x00,0xee,0xee,0xee,0xee,0xee,0x00,0x00,0x00,
  0x33,0x11,0x00,0x00,0x00,0x00,0x00,0x00,0x00,0x00,0x00,0x00,0x00,0x00,0x00,0x00,
  0x00,0x00,0x00,0x00,0x00,0x00,0x00,0x00,0xce,0xee,0xee,0xee,0x66,0x22,0x22,0x00,
  0x00,0x00,0x00,0x00,0x00,0x00,0x00,0x00,0x00,0x00,0x00,0x00,0x00,0x00,0x00,0x00,
  0x00,0x00,0x00,0x00,0x00,0x00,0x00,0x00,0x00,0x00,0x00,0x00,0x00,0x00,0x00,0x00,
  0x00,0x00,0x00,0x00,0x00,0x00,0x00,0x00,0x00,0x00,0x00,0x00,0x00,0x00,0x00,0x00,
  0x00,0x00,0x00,0x00,0x00,0x00,0x00,0x00,0x00,0x00,0x00,0x00,0x00,0x00,0x00,0x00,
  0x00,0x00,0x00,0x00,0x00,0x00,0x00,0x00,0x00,0x00,0x00,0x00,0x00,0x00,0x00,0x00,
  0x00,0x00,0x00,0x00,0x00,0x00,0x00,0x00,0x00,0x00,0x00,0x00,0x00,0x00,0x00,0x00,
  0x00,0x00,0x00,0x00,0x00,0x00,0x00,0x00,0x00,0x00,0x00,0x00,0x00,0x00,0x00,0x00,
  0x00,0x00,0x00,0x00,0x00,0x00,0x00,0x00,0x00,0x00,0x00,0x00,0x00,0x00,0x00,0x00,
  0x00,0x00,0x00,0x00,0x00,0x00,0x00,0x00,0x00,0x00,0x00,0x00,0x00,0x00,0x00,0x00,
  0x00,0x00,0x00,0x00,0x00,0x00,0x00,0x00,0x00,0x00,0x00,0x00,0x00,0x00,0x00,0x00,
  0x00,0x00,0x00,0x00,0x00,0x00,0x00,0x00,0x00,0x00,0x00,0x00,0x00,0x00,0x00,0x00,
  0x00,0x00,0x00,0x00,0x00,0x00,0x00,0x00,0x00,0x00,0x00,0x00,0x00,0x00,0x00,0x00,
  0x00,0x00,0x00,0x00,0x00,0x00,0x00,0x00,0x00,0x00,0x00,0x00,0x00,0x00,0x00,0x00,
  0x00,0x00,0x00,0x00,0x00,0x00,0x00,0x00,0x00,0x00,0x00,0x00,0x00,0x00,0x00,0x00,
  0x00,0x00,0x00,0x00,0x00,0x00,0x00,0x00,0x00,0x00,0x00,0x00,0x00,0x00,0x00,0x00,
  0x00,0x00,0x00,0x00,0x00,0x00,0x00,0x00,0x00,0x00,0x00,0x00,0x00,0x00,0x00,0x00,
  0x00,0x00,0x00,0x00,0x00,0x00,0x00,0x00,0x00,0x00,0x00,0x00,0x00,0x00,0x00,0x00,
  0x00,0x00,0x00,0x00,0x00,0x00,0x00,0x00,0x00,0x00,0x00,0x00,0x00,0x00,0x00,0x00,
  0x00,0x00,0x00,0x00,0x00,0x00,0x00,0x00,0x00,0x00,0x00,0x00,0x00,0x00,0x00,0x00,
  0x22,0xcc,0x00,0x22,0xee,0x22,0x00,0x00,0x88,0x77,0x00,0x00,0xff,0x44,0x00,0x00,
  0x22,0xcc,0x00,0xcc,0x22,0x22,0x22,0x44,0x88,0x77,0x00,0x88,0xdd,0xaa,0x88,0x88,
  0x22,0xcc,0x00,0xcc,0x22,0x22,0x22,0x44,0x88,0x77,0x00,0x99,0xaa,0xaa,0xaa,0xee,
  0x22,0xcc,0x00,0x00,0x00,0xee,0x00,0x00,0x88,0x77,0x00,0xcc,0xbb,0x88,0x88,0xcc,
  0x00,0xcc,0x22,0x22,0xcc,0x00,0xcc,0x22,0x00,0x77,0x88,0x88,0x77,0x00,0x77,0x88,
  0xcc,0x22,0x22,0xcc,0x00,0x22,0xee,0x22,0x77,0x88,0x88,0x77,0x00,0x00,0xff,0x44,
  0x66,0x22,0x00,0x00,0x00,0x00,0x00,0x00,0x88,0x66,0x00,0x00,0x00,0x00,0x00,0x00,
  0xcc,0x22,0x22,0xcc,0x00,0x22,0x22,0xaa,0x77,0x88,0x88,0x77,0x00,0x66,0x99,0x88,
  0x22,0x44,0x00,0x00,0x00,0x00,0x00,0x00,0x88,0x88,0x00,0x00,0x00,0x00,0x00,0x00,
  0xcc,0x22,0x22,0xcc,0x00,0xcc,0x22,0x22,0x77,0x88,0x88,0x77,0x00,0x88,0xdd,0xaa,
  0x22,0x44,0x00,0x00,0x00,0x00,0x00,0x00,0xaa,0xee,0x00,0x00,0x00,0x00,0x00,0x00,
  0xcc,0x22,0x22,0xcc,0x00,0xcc,0x22,0x22,0x77,0x88,0x88,0x77,0x00,0x99,0xaa,0xaa,
  0x22,0xcc,0x00,0xcc,0x22,0x22,0xcc,0x00,0x88,0x77,0x00,0x77,0x88,0x88,0x77,0x00,
  0x00,0x00,0x00,0x00,0x00,0x00,0xcc,0x22,0x00,0x00,0x00,0x00,0x00,0x00,0x77,0x88,
  0x00,0x00,0x00,0x00,0x00,0x00,0x00,0x00,0x00,0x00,0x00,0x00,0x00,0x00,0x00,0x00,
  0x00,0x00,0x00,0x00,0xc0,0x20,0x90,0x80,0x00,0x00,0x30,0x30,0x10,0x10,0x00,0x00,
  0x41,0x21,0x12,0x03,0x03,0x01,0x00,0x00,0x00,0x00,0x00,0x00,0x00,0x00,0x00,0x00,
  0x00,0x00,0x00,0x08,0x0c,0x0c,0x8c,0x0c,0x00,0x00,0x00,0x07,0x0f,0x0f,0xc3,0x1f,
  0x08,0x00,0x00,0x00,0x00,0x00,0x00,0x00,0x07,0x08,0x0f,0x2f,0x4f,0x0e,0x00,0x00,
  0x00,0x00,0x00,0x07,0x4f,0x0f,0xa7,0x87,0x00,0x00,0x00,0x00,0x00,0x10,0x10,0x10,
  0xd3,0x87,0x97,0x0f,0x2f,0x07,0x00,0x00,0x33,0x10,0x10,0x10,0x00,0x00,0x00,0x00,
  0x00,0x00,0x00,0x00,0x00,0x00,0x08,0x08,0x00,0x00,0x00,0x08,0x0e,0x8e,0x1f,0x0f,
  0x0c,0x08,0x08,0x00,0x00,0x00,0x00,0x00,0x4f,0x1f,0x0f,0x4f,0x0e,0x08,0x00,0x00,
  0x00,0x00,0x01,0x03,0x87,0x87,0x87,0x47,0x00,0x00,0x00,0x10,0x10,0x30,0x30,0x10,
  0xef,0x47,0x07,0x07,0x03,0x01,0x00,0x00,0x11,0x00,0x00,0x00,0x00,0x00,0x00,0x00,
  0x00,0x00,0x00,0x08,0x08,0x0c,0x0c,0x0c,0x00,0x00,0x0e,0x0f,0x0f,0x0f,0x0f,0x0f,
  0x0c,0x0c,0x0c,0x08,0x08,0x00,0x00,0x00,0x0f,0x0f,0x0f,0x0f,0x0f,0x0e,0x00,0x00,
  0x00,0x00,0x00,0x01,0x0f,0x0f,0x0f,0x0f,0x00,0x00,0x00,0x00,0x00,0x01,0x01,0x02,
  0x0f,0x0b,0x0c,0x0f,0x01,0x00,0x00,0x00,0x02,0x01,0x01,0x00,0x00,0x00,0x00,0x00,
  0x00,0x00,0x0c,0x68,0x68,0x68,0x6e,0x6e,0x00,0x00,0x03,0x0f,0x0f,0x0f,0x0f,0x0f,
  0x68,0x68,0x68,0x68,0x68,0x0c,0x00,0x00,0x0f,0x0f,0x07,0x0c,0x0f,0x03,0x00,0x00,
  0x00,0x00,0x07,0x0f,0x0f,0x0f,0x0f,0x0f,0x00,0x00,0x00,0x00,0x01,0x01,0x01,0x20,
  0x87,0x0f,0x0f,0x0f,0x0f,0x0f,0x00,0x00,0x10,0x00,0x01,0x01,0x01,0x00,0x00,0x00,
  0x00,0x00,0x00,0x00,0x08,0x0c,0x0c,0x0c,0x00,0x00,0x0c,0x0f,0xcf,0x2f,0x0f,0x0f,
  0x08,0x0c,0x0c,0x08,0x00,0x00,0x00,0x00,0x0f,0x0f,0x0f,0x0f,0x0f,0x0c,0x00,0x00,
  0x00,0x00,0x00,0x30,0x52,0x61,0xf1,0xbc,0x00,0x00,0x00,0x00,0x00,0x02,0x02,0x03,
  0xd2,0x63,0x52,0x30,0x00,0x00,0x00,0x00,0x02,0x02,0x04,0x00,0x00,0x00,0x00,0x00,
  0x00,0x00,0x00,0x80,0x48,0x84,0xc2,0xe0,0x00,0x00,0xe0,0xb4,0x7c,0xe1,0x5b,0xa5,
  0x68,0x84,0xc0,0x80,0x00,0x00,0x00,0x00,0xf5,0xe1,0x5a,0xbe,0xe0,0x00,0x00,0x00,
  0x00,0x00,0x00,0x0f,0x33,0x31,0x71,0xf3,0x00,0x00,0x00,0x00,0x00,0x00,0x00,0x00,
  0xf0,0xf3,0x71,0x31,0x33,0x0f,0x00,0x00,0x10,0x00,0x00,0x00,0x00,0x00,0x00,0x00,
  0x00,0x00,0x00,0x00,0x00,0x00,0x00,0x00,0x00,0x00,0x00,0x08,0x0c,0x8e,0xcf,0x88,
  0xcc,0x00,0x00,0x00,0x00,0x00,0x00,0x00,0xff,0x88,0xcf,0x8e,0x0c,0x08,0x00,0x00,
  0x00,0x00,0x00,0x00,0x00,0xe0,0xe0,0xf1,0x00,0x00,0x00,0x00,0x00,0x10,0x10,0x20,
  0xe0,0xf1,0xe0,0xe0,0x00,0x00,0x00,0x00,0x20,0x20,0x10,0x10,0x00,0x00,0x00,0x00,
  0x00,0x00,0x00,0x00,0x00,0x00,0x88,0xcc,0x00,0x00,0x00,0x00,0x00,0x00,0x88,0xdd,
  0x22,0xcc,0x00,0x00,0x00,0x00,0x00,0x00,0x00,0xff,0x00,0x00,0x00,0x00,0x00,0x00,
  0xff,0xef,0x67,0x77,0x33,0x11,0x00,0x00,0x00,0x00,0x00,0x00,0x00,0x00,0x00,0x00,
  0x00,0x00,0x11,0x23,0x67,0x77,0xff,0xff,0x00,0x00,0x00,0x00,0x00,0x00,0x00,0x00,
  0xff,0xff,0xff,0xff,0xff,0xff,0xff,0x00,0x79,0x69,0x0f,0x1f,0xff,0xff,0x33,0x00,
  0x00,0xff,0xff,0xff,0xff,0xff,0xff,0xff,0x00,0x33,0x79,0x69,0x0f,0x1f,0xff,0xff,
  0x00,0x00,0x00,0x00,0x00,0x00,0x00,0x00,0x00,0xcc,0xcc,0x88,0x00,0x88,0xcc,0x00,
  0x00,0x00,0x00,0x00,0x00,0x00,0x00,0x00,0x00,0xcc,0x88,0x00,0x88,0xcc,0xcc,0x00,
  0x00,0x00,0x00,0x00,0x00,0x00,0x00,0x00,0x00,0x00,0x00,0x00,0x00,0x00,0x00,0x00,
  0x00,0x00,0x00,0x00,0x00,0x00,0x00,0x00,0x00,0x00,0x00,0x00,0x00,0x00,0x00,0x00,
  0x00,0x00,0x00,0x00,0x00,0x00,0x00,0x00,0x00,0x00,0x00,0x00,0x00,0x00,0x00,0x00,
  0x00,0x00,0x00,0x00,0x00,0x00,0x00,0x00,0x00,0x00,0x00,0x00,0x00,0x00,0x00,0x00,
  0x00,0x00,0x00,0x00,0x00,0x00,0x00,0x00,0x00,0x00,0x00,0x00,0x00,0x00,0x00,0x00,
  0x00,0x00,0x00,0x00,0x00,0x00,0x00,0x00,0x00,0x00,0x00,0x00,0x00,0x00,0x00,0x00,
  0x00,0x00,0x00,0x00,0x00,0x00,0x00,0x00,0x00,0x00,0x00,0x00,0x00,0x00,0x00,0x00,
  0x00,0x00,0x00,0x00,0x00,0x00,0x00,0x00,0x00,0x00,0x00,0x00,0x00,0x00,0x00,0x00,
  0x00,0x00,0x00,0x00,0x00,0x00,0x00,0x00,0x00,0x00,0x00,0x00,0x00,0x00,0x00,0x00,
  0x00,0x00,0x00,0x00,0x00,0x00,0x00,0x00,0x00,0x00,0x00,0x00,0x00,0x00,0x00,0x00,
  0x00,0x00,0x00,0x00,0x00,0x00,0x00,0x00,0x00,0x00,0x00,0x00,0x00,0x00,0x00,0x00,
  0x00,0x00,0x00,0x00,0x00,0x00,0x00,0x00,0x00,0x00,0x00,0x00,0x00,0x00,0x00,0x00,
  0x00,0x00,0x00,0x00,0x00,0x00,0x00,0x00,0x00,0x00,0x00,0x00,0x00,0x00,0x00,0x00,
  0x00,0x00,0x00,0x00,0x00,0x00,0x00,0x00,0x00,0x00,0x00,0x00,0x00,0x00,0x00,0x00,
  0x00,0x00,0x00,0x00,0x00,0x00,0x00,0x00,0x00,0x00,0x00,0x00,0x00,0x00,0x00,0x00,
  0x00,0x00,0x00,0x00,0x00,0x00,0x00,0x00,0x00,0x00,0x00,0x00,0x00,0x00,0x00,0x00,
  0x00,0x00,0x00,0x00,0x00,0x00,0x00,0x00,0x00,0x00,0x00,0x00,0x00,0x00,0x00,0x00,
  0x00,0x00,0x00,0x00,0x00,0x00,0x00,0x00,0x00,0x00,0x00,0x00,0x00,0x00,0x00,0x00,
  0x00,0x00,0x00,0x00,0x00,0x00,0x00,0x00,0x00,0x00,0x00,0x00,0x00,0x00,0x00,0x00,
  0x00,0x00,0x00,0x00,0x00,0x00,0x00,0x00,0x00,0x00,0x00,0x00,0x00,0x00,0x00,0x00,
  0x00,0x00,0x00,0x00,0x00,0x00,0x00,0x00,0x00,0x00,0x00,0x00,0x00,0x00,0x00,0x00,
  0x00,0x00,0x00,0x00,0x00,0x00,0x00,0x00,0x00,0x00,0x00,0x00,0x00,0x00,0x00,0x00,
  0x00,0x00,0x00,0x00,0x00,0x00,0x00,0x00,0x00,0x00,0x00,0x00,0x00,0x00,0x00,0x00,
  0x00,0x00,0x00,0x00,0x00,0x00,0x00,0x00,0x00,0x00,0x00,0x00,0x00,0x00,0x00,0x00,
  0x60,0x60,0x60,0x60,0x60,0x60,0x60,0x60,0x00,0x00,0x00,0x00,0x00,0x00,0x00,0x00,
  0x60,0x60,0x60,0x60,0x60,0x60,0x60,0x60,0x00,0x00,0x00,0x00,0x00,0x00,0x00,0x00,
  0xff,0xf0,0xf0,0xf7,0x88,0x00,0x00,0x00,0x00,0x33,0x74,0x74,0xf8,0xf9,0xf9,0xf9,
  0x00,0x00,0x00,0x88,0xf7,0xf0,0xf0,0xff,0xf9,0xf9,0xf9,0xf8,0x74,0x74,0x33,0x00,
  0xff,0xf0,0xf0,0xff,0x00,0x00,0x00,0x00,0xff,0xf0,0xf0,0xff,0x00,0x00,0x00,0x00,
  0x00,0x00,0x00,0x00,0xff,0xf0,0xf0,0xff,0x00,0x00,0x00,0x00,0xff,0xf0,0xf0,0xff,
  0x00,0xcc,0xe2,0xe2,0xf1,0xf9,0xf9,0xf9,0xff,0xf0,0xf0,0xfe,0x11,0x00,0x00,0x00,
  0xf9,0xf9,0xf9,0xf1,0xe2,0xe2,0xcc,0x00,0x00,0x00,0x00,0x11,0xfe,0xf0,0xf0,0xff,
  0xff,0xf0,0xf0,0xf0,0xf0,0xf8,0xf8,0xf8,0xff,0xf0,0xf0,0xfe,0x11,0x00,0x00,0x00,
  0xf8,0xf8,0xf8,0xf0,0xf0,0xf0,0xf0,0xff,0x00,0x00,0x00,0x11,0xfe,0xf0,0xf0,0xff,
  0xff,0xf0,0xf0,0xf7,0x88,0x00,0x00,0x00,0xff,0xf0,0xf0,0xf0,0xf0,0xf1,0xf1,0xf1,
  0x00,0x00,0x00,0x88,0xf7,0xf0,0xf0,0xff,0xf1,0xf1,0xf1,0xf0,0xf0,0xf0,0xf0,0xff,
  0x00,0x00,0x00,0x00,0x00,0x00,0x00,0x00,0xf9,0xf9,0xf9,0xf9,0xf9,0xf9,0xf9,0xf9,
  0x00,0x00,0x00,0x00,0x00,0x00,0x00,0x00,0xf9,0xf9,0xf9,0xf9,0xf9,0xf9,0xf9,0xf9,
  0xf9,0xf9,0xf9,0xf9,0xf9,0xf9,0xf9,0xf9,0x00,0x00,0x00,0x00,0x00,0x00,0x00,0x00,
  0xf9,0xf9,0xf9,0xf9,0xf9,0xf9,0xf9,0xf9,0x00,0x00,0x00,0x00,0x00,0x00,0x00,0x00,
  0xf8,0xf8,0xf8,0xf8,0xf8,0xf8,0xf8,0xf8,0x00,0x00,0x00,0x00,0x00,0x00,0x00,0x00,
  0xf8,0xf8,0xf8,0xf8,0xf8,0xf8,0xf8,0xf8,0x00,0x00,0x00,0x00,0x00,0x00,0x00,0x00,
  0x00,0x00,0x00,0x00,0x00,0x00,0x00,0x00,0x00,0xcc,0xe2,0xe2,0xf1,0xf1,0xf1,0xf1,
  0x00,0x00,0x00,0x00,0x00,0x00,0x00,0x00,0xf1,0xf1,0xf1,0xf1,0xe2,0xe2,0xcc,0x00,
  0x00,0x33,0x74,0x74,0xf8,0xf8,0xf8,0xf8,0x00,0x00,0x00,0x00,0x00,0x00,0x00,0x00,
  0xf8,0xf8,0xf8,0xf8,0x74,0x74,0x33,0x00,0x00,0x00,0x00,0x00,0x00,0x00,0x00,0x00,
  0x00,0x00,0x00,0x00,0x00,0x00,0x00,0x00,0xf1,0xf1,0xf1,0xf1,0xf1,0xf1,0xf1,0xf1,
  0x00,0x00,0x00,0x00,0x00,0x00,0x00,0x00,0xf1,0xf1,0xf1,0xf1,0xf1,0xf1,0xf1,0xf1,
  0x00,0x00,0x00,0x00,0x33,0x74,0xf8,0xf8,0x00,0x00,0x00,0x00,0x00,0x00,0x00,0x00,
  0xf8,0xf8,0x74,0x33,0x00,0x00,0x00,0x00,0x00,0x00,0x00,0x00,0x00,0x00,0x00,0x00,
  0x00,0x00,0x00,0x00,0xff,0xf0,0xf0,0xf0,0x00,0x00,0x00,0x00,0xff,0xf0,0xf0,0xf0,
  0xf0,0xf0,0xf0,0xff,0x00,0x00,0x00,0x00,0xf0,0xf0,0xf0,0xff,0x00,0x00,0x00,0x00,
  0x00,0x00,0x00,0x00,0x00,0x00,0x00,0x00,0x00,0x00,0x00,0x00,0xcc,0xe2,0xf1,0xf1,
  0x00,0x00,0x00,0x00,0x00,0x00,0x00,0x00,0xf1,0xf1,0xe2,0xcc,0x00,0x00,0x00,0x00,
  0x00,0x00,0x00,0x00,0xff,0xf8,0xf8,0xf9,0x00,0x00,0x00,0x00,0x00,0x00,0x00,0x00,
  0xf9,0xf8,0xf8,0xff,0x00,0x00,0x00,0x00,0x00,0x00,0x00,0x00,0x00,0x00,0x00,0x00,
  0x00,0x00,0x00,0x00,0x00,0x00,0x00,0x00,0x00,0x00,0x00,0x00,0xff,0xf1,0xf1,0xf9,
  0x00,0x00,0x00,0x00,0x00,0x00,0x00,0x00,0xf9,0xf1,0xf1,0xff,0x00,0x00,0x00,0x00,
  0xf9,0xf9,0xf9,0xf9,0xf9,0xf9,0xf9,0xff,0x00,0x00,0x00,0x00,0x00,0x00,0x00,0x00,
  0xff,0xf9,0xf9,0xf9,0xf9,0xf9,0xf9,0xf9,0x00,0x00,0x00,0x00,0x00,0x00,0x00,0x00,
  0x00,0x00,0x00,0x88,0xf7,0xf0,0xf0,0xf0,0xf1,0xf1,0xf1,0xf0,0xf0,0xf0,0xf0,0xf0,
  0xf0,0xf0,0xf0,0xf7,0x88,0x00,0x00,0x00,0xf0,0xf0,0xf0,0xf0,0xf0,0xf1,0xf1,0xf1,
  0xf8,0xf8,0xf8,0xf0,0xf0,0xf0,0xf0,0xf0,0x00,0x00,0x00,0x11,0xfe,0xf0,0xf0,0xf0,
  0xf0,0xf0,0xf0,0xf0,0xf0,0xf8,0xf8,0xf8,0xf0,0xf0,0xf0,0xfe,0x11,0x00,0x00,0x00,
  0x00,0x00,0x00,0x00,0x33,0x74,0xf8,0xf8,0x00,0x00,0x00,0x00,0x00,0x00,0x00,0x00,
  0xf8,0xf8,0x74,0x33,0x00,0x00,0x00,0x00,0x00,0x00,0x00,0x00,0x00,0x00,0x00,0x00,
  0x00,0x00,0x00,0x00,0x00,0x00,0x00,0x00,0x00,0x00,0x00,0x00,0xcc,0xe2,0xf1,0xf1,
  0x00,0x00,0x00,0x00,0x00,0x00,0x00,0x00,0xf1,0xf1,0xe2,0xcc,0x00,0x00,0x00,0x00,
  0x00,0x00,0x00,0x88,0xf7,0xf0,0xf0,0xf0,0xf9,0xf9,0xf9,0xf8,0xf8,0xf8,0xf8,0xf8,
  0xf0,0xf0,0xf0,0xf7,0x88,0x00,0x00,0x00,0xf8,0xf8,0xf8,0xf8,0xf8,0xf9,0xf9,0xf9,
  0x00,0x00,0x00,0x00,0x00,0x00,0x00,0x00,0x00,0x00,0x00,0x00,0x00,0x00,0x00,0x00,
  0x00,0x00,0x00,0x00,0x00,0x00,0x00,0x00,0x00,0x00,0x00,0x00,0x00,0x00,0x00,0x00,
  0x00,0x00,0x00,0x00,0x00,0x00,0x00,0x00,0x00,0x00,0x00,0x00,0x00,0x00,0x00,0x00,
  0x00,0x00,0x00,0x00,0x00,0x00,0x00,0x00,0x00,0x00,0x00,0x00,0x00,0x00,0x00,0x00,
  0x00,0x00,0x00,0x08,0x0c,0x0c,0x8c,0x0c,0x00,0x00,0x30,0x30,0x10,0x10,0x00,0x00,
  0x00,0x00,0x00,0x00,0xc0,0x20,0x90,0x80,0x00,0x00,0x00,0x07,0x0f,0x0f,0xc3,0x1f,
  0x08,0x00,0x00,0x00,0x00,0x00,0x00,0x00,0x00,0x00,0x00,0x00,0x00,0x00,0x00,0x00,
  0x41,0x21,0x12,0x03,0x03,0x01,0x00,0x00,0x07,0x08,0x0f,0x2f,0x4f,0x0e,0x00,0x00,
  0x00,0x00,0x00,0x00,0x00,0x00,0x08,0x08,0x00,0x00,0x00,0x00,0x00,0x10,0x10,0x10,
  0x00,0x00,0x00,0x07,0x4f,0x0f,0xa7,0x87,0x00,0x00,0x00,0x08,0x0e,0x8e,0x1f,0x0f,
  0x0c,0x08,0x08,0x00,0x00,0x00,0x00,0x00,0x33,0x10,0x10,0x10,0x00,0x00,0x00,0x00,
  0xd3,0x87,0x97,0x0f,0x2f,0x07,0x00,0x00,0x4f,0x1f,0x0f,0x4f,0x0e,0x08,0x00,0x00,
  0x00,0x00,0x00,0x08,0x08,0x0c,0x0c,0x0c,0x00,0x00,0x00,0x10,0x10,0x30,0x30,0x10,
  0x00,0x00,0x01,0x03,0x87,0x87,0x87,0x47,0x00,0x00,0x0e,0x0f,0x0f,0x0f,0x0f,0x0f,
  0x0c,0x0c,0x0c,0x08,0x08,0x00,0x00,0x00,0x11,0x00,0x00,0x00,0x00,0x00,0x00,0x00,
  0xef,0x47,0x07,0x07,0x03,0x01,0x00,0x00,0x0f,0x0f,0x0f,0x0f,0x0f,0x0e,0x00,0x00,
  0x00,0x00,0x0c,0x68,0x68,0x68,0x6e,0x6e,0x00,0x00,0x00,0x00,0x00,0x01,0x01,0x02,
  0x00,0x00,0x00,0x01,0x0f,0x0f,0x0f,0x0f,0x00,0x00,0x03,0x0f,0x0f,0x0f,0x0f,0x0f,
  0x68,0x68,0x68,0x68,0x68,0x0c,0x00,0x00,0x02,0x01,0x01,0x00,0x00,0x00,0x00,0x00,
  0x0f,0x0b,0x0c,0x0f,0x01,0x00,0x00,0x00,0x0f,0x0f,0x07,0x0c,0x0f,0x03,0x00,0x00,
  0x00,0x00,0x00,0x00,0x08,0x0c,0x0c,0x0c,0x00,0x00,0x00,0x00,0x01,0x01,0x01,0x20,
  0x00,0x00,0x07,0x0f,0x0f,0x0f,0x0f,0x0f,0x00,0x00,0x0c,0x0f,0xcf,0x2f,0x0f,0x0f,
  0x08,0x0c,0x0c,0x08,0x00,0x00,0x00,0x00,0x10,0x00,0x01,0x01,0x01,0x00,0x00,0x00,
  0x87,0x0f,0x0f,0x0f,0x0f,0x0f,0x00,0x00,0x0f,0x0f,0x0f,0x0f,0x0f,0x0c,0x00,0x00,
  0x00,0x00,0x00,0x80,0x48,0x84,0xc2,0xe0,0x00,0x00,0x00,0x00,0x00,0x02,0x02,0x03,
  0x00,0x00,0x00,0x30,0x52,0x61,0xf1,0xbc,0x00,0x00,0xe0,0xb4,0x7c,0xe1,0x5b,0xa5,
  0x68,0x84,0xc0,0x80,0x00,0x00,0x00,0x00,0x02,0x02,0x04,0x00,0x00,0x00,0x00,0x00,
  0xd2,0x63,0x52,0x30,0x00,0x00,0x00,0x00,0xf5,0xe1,0x5a,0xbe,0xe0,0x00,0x00,0x00,
  0x00,0x00,0x00,0x00,0x00,0x00,0x00,0x00,0x00,0x00,0x00,0x00,0x00,0x00,0x00,0x00,
  0x00,0x00,0x00,0x0f,0x33,0x31,0x71,0xf3,0x00,0x00,0x00,0x08,0x0c,0x8e,0xcf,0x88,
  0xcc,0x00,0x00,0x00,0x00,0x00,0x00,0x00,0x10,0x00,0x00,0x00,0x00,0x00,0x00,0x00,
  0xf0,0xf3,0x71,0x31,0x33,0x0f,0x00,0x00,0xff,0x88,0xcf,0x8e,0x0c,0x08,0x00,0x00,
  0x00,0x00,0x00,0x00,0x00,0x00,0x88,0xcc,0x00,0x00,0x00,0x00,0x00,0x10,0x10,0x20,
  0x00,0x00,0x00,0x00,0x00,0xe0,0xe0,0xf1,0x00,0x00,0x00,0x00,0x00,0x00,0x88,0xdd,
  0x22,0xcc,0x00,0x00,0x00,0x00,0x00,0x00,0x20,0x20,0x10,0x10,0x00,0x00,0x00,0x00,
  0xe0,0xf1,0xe0,0xe0,0x00,0x00,0x00,0x00,0x00,0xff,0x00,0x00,0x00,0x00,0x00,0x00,
  0x00,0xee,0xcc,0x88,0x8c,0x4e,0xee,0x88,0x00,0x00,0x00,0x11,0x33,0x33,0x77,0x77,
  0x00,0x11,0xff,0xff,0x8f,0x0f,0x3c,0xbc,0x00,0x7f,0xbf,0x7f,0xaf,0x5f,0x7f,0xff,
  0x88,0xee,0xee,0xcc,0x88,0xcc,0xee,0x00,0x77,0x77,0x33,0x33,0x11,0x00,0x00,0x00,
  0xff,0xff,0x8f,0x0f,0x3c,0xbc,0x11,0x00,0xff,0xff,0xff,0x7f,0x7f,0xff,0xff,0x00,
  0x00,0xcc,0xee,0xee,0x8c,0x08,0xcc,0xee,0x00,0x00,0x00,0x11,0x33,0x33,0x77,0x77,
  0x00,0x11,0xff,0xff,0x8f,0x0f,0x3c,0xbc,0x00,0x7f,0xbf,0x7f,0xaf,0x5f,0x7f,0xff,
  0xee,0xcc,0x88,0xcc,0xee,0xee,0xcc,0x00,0x77,0x77,0x33,0x33,0x11,0x00,0x00,0x00,
  0xff,0xff,0x8f,0x0f,0x3c,0xbc,0x11,0x00,0xff,0xff,0xff,0x7f,0x7f,0xff,0xff,0x00,
  0x00,0x00,0x00,0xee,0xee,0xee,0xcc,0xcc,0x00,0x00,0x00,0x00,0x00,0x00,0x00,0x00,
  0x00,0x60,0x69,0x0f,0x71,0x69,0x0f,0x17,0x00,0x00,0x00,0x88,0xee,0xff,0xff,0xff,
  0xcc,0xcc,0xcc,0xee,0xee,0xee,0x00,0x00,0x00,0x00,0x00,0x00,0x00,0x00,0x00,0x00,
  0x11,0x00,0x00,0x00,0x00,0x00,0x00,0x00,0xff,0xff,0xff,0x77,0x33,0x00,0x00,0x00,
  0x00,0xee,0xee,0xee,0xcc,0xcc,0xcc,0xcc,0x00,0x00,0x00,0x00,0x00,0x00,0x00,0x00,
  0x00,0x60,0x69,0x0f,0x71,0x69,0x0f,0x17,0x00,0x00,0x00,0xff,0xff,0xff,0xff,0xff,
  0xcc,0xcc,0xee,0xee,0xee,0x00,0x00,0x00,0x00,0x00,0x00,0x00,0x00,0x00,0x00,0x00,
  0x11,0x00,0x00,0x00,0x00,0x00,0x00,0x00,0xff,0x77,0x33,0x00,0x00,0x00,0x00,0x00,
  0x00,0x00,0x44,0xee,0xee,0xee,0xee,0xee,0x00,0x00,0x00,0x00,0x00,0x00,0x00,0x00,
  0x00,0x00,0x00,0x00,0x00,0x00,0x00,0x00,0x00,0x00,0x00,0x00,0x11,0x11,0x11,0x00,
  0xee,0x66,0x66,0xee,0xee,0xee,0x66,0x22,0x00,0x00,0x00,0x00,0x00,0x00,0x00,0x00,
  0x00,0x00,0x00,0x00,0x00,0x00,0x00,0x00,0x00,0x00,0x00,0x00,0x00,0x00,0x00,0x00,
  0x00,0x44,0xee,0xee,0xee,0xee,0x66,0x66,0x00,0x00,0x00,0x00,0x00,0x00,0x00,0x00,
  0x00,0x00,0x00,0x00,0x00,0x00,0x00,0x00,0x00,0x00,0x00,0x00,0x00,0x00,0x00,0x00,
  0x66,0x66,0x66,0x66,0xee,0xee,0x66,0x22,0x00,0x00,0x00,0x00,0x00,0x00,0x00,0x00,
  0x00,0x00,0x00,0x00,0x00,0x00,0x00,0x00,0x00,0x00,0x00,0x00,0x00,0x00,0x00,0x00,
  0x00,0x00,0x00,0x00,0x00,0x00,0x00,0x00,0x00,0x00,0x00,0x00,0x00,0x00,0x00,0x00,
  0x00,0x00,0x00,0x00,0x00,0x00,0x00,0x00,0x00,0x00,0x00,0x00,0x00,0x00,0x00,0x00,
  0x00,0x00,0x00,0x00,0x00,0x00,0x00,0x00,0x00,0x00,0x00,0x00,0x00,0x00,0x00,0x00,
  0x00,0x00,0x00,0x00,0x00,0x00,0x00,0x00,0x00,0x00,0x00,0x00,0x00,0x00,0x00,0x00,
  0x00,0x00,0x00,0x00,0x00,0x00,0x00,0x00,0x00,0x00,0x00,0x00,0x00,0x00,0x00,0x00,
  0x00,0x00,0x00,0x00,0x00,0x00,0x00,0x00,0x00,0x00,0x00,0x00,0x00,0x00,0x00,0x00,
  0x00,0x00,0x00,0x00,0x00,0x00,0x00,0x00,0x00,0x00,0x00,0x00,0x00,0x00,0x00,0x00,
  0x00,0x00,0x00,0x00,0x00,0x00,0x00,0x00,0x00,0x00,0x00,0x00,0x00,0x00,0x00,0x00,
  0x00,0x08,0x0c,0x0e,0x0f,0x0f,0x0f,0x0f,0x0f,0x0f,0x0f,0x0f,0x07,0x07,0x07,0x03,
  0x0f,0x0f,0x0f,0x0f,0x0f,0x0f,0x0f,0x0f,0x0f,0x0f,0x0f,0x0f,0x0f,0x0f,0x0f,0x0f,
  0x0f,0x0f,0x0f,0x0f,0x0f,0x0f,0x0f,0x0f,0x03,0x01,0x00,0x00,0x00,0x00,0x00,0x00,
  0x0f,0x0f,0x0f,0x07,0x03,0x01,0x00,0x00,0x0f,0x0f,0x0f,0x0f,0x0f,0x0f,0x07,0x00,
  0x00,0x00,0x00,0x00,0x00,0x00,0x00,0x00,0x00,0x00,0x00,0x00,0x00,0x00,0x00,0x00,
  0x00,0x00,0x00,0x00,0x00,0x00,0x00,0x00,0x00,0x00,0x00,0x00,0x00,0x00,0x00,0x00,
  0x00,0x00,0x00,0x00,0x00,0x00,0x00,0x00,0x03,0x07,0x07,0x07,0x0f,0x0f,0x0f,0x0f,
  0x00,0x08,0x0c,0x0e,0x0f,0x0f,0x0f,0x0f,0x00,0x00,0x00,0x00,0x00,0x08,0x0c,0x0e,
  0x0f,0x0f,0x0f,0x0f,0x0e,0x0e,0x0e,0x0c,0x00,0x01,0x03,0x07,0x0f,0x0f,0x0f,0x0f,
  0x0f,0x0f,0x0f,0x0f,0x0f,0x0f,0x0f,0x0f,0x0f,0x0f,0x0f,0x0f,0x0f,0x0f,0x0f,0x0f,
  0x0c,0x08,0x00,0x00,0x00,0x00,0x00,0x00,0x0f,0x0f,0x0f,0x0f,0x0f,0x0f,0x0f,0x0f,
  0x0f,0x0f,0x0f,0x0f,0x0f,0x0f,0x0e,0x00,0x0f,0x0f,0x0f,0x0e,0x0c,0x08,0x00,0x00,
  0x00,0x00,0x00,0x00,0x00,0x00,0x00,0x00,0x00,0x00,0x00,0x00,0x00,0x00,0x00,0x00,
  0x00,0x00,0x00,0x00,0x00,0x00,0x00,0x00,0x00,0x00,0x00,0x00,0x00,0x00,0x00,0x00,
  0x0c,0x0e,0x0e,0x0e,0x0f,0x0f,0x0f,0x0f,0x00,0x00,0x00,0x00,0x00,0x00,0x00,0x00,
  0x00,0x00,0x00,0x00,0x00,0x01,0x03,0x07,0x00,0x01,0x03,0x07,0x0f,0x0f,0x0f,0x0f,
  0x0e,0x0e,0x0f,0x0f,0x0f,0x0f,0x0f,0x0f,0x0f,0x0f,0x0f,0x0f,0x07,0x07,0x07,0x03,
  0x0f,0x0f,0x0f,0x0f,0x0f,0x0f,0x0f,0x0f,0x0f,0x0f,0x0f,0x0f,0x0f,0x0f,0x0f,0x0f,
  0x0f,0x0f,0x0f,0x0f,0x0f,0x0f,0x0f,0x0f,0x03,0x01,0x00,0x00,0x00,0x00,0x00,0x00,
  0x0f,0x0f,0x0f,0x07,0x03,0x01,0x00,0x00,0x0f,0x0f,0x0f,0x0f,0x0f,0x0f,0x07,0x00,
  0x00,0x00,0x00,0x00,0x00,0x00,0x00,0x00,0x00,0x00,0x00,0x00,0x00,0x00,0x01,0x03,
  0x00,0x00,0x01,0x03,0x07,0x0f,0x0f,0x0f,0x00,0x00,0x08,0x08,0x0c,0x0c,0x0e,0x0e,
  0x00,0x00,0x00,0x08,0x08,0x08,0x0c,0x0c,0x03,0x07,0x07,0x07,0x0f,0x0f,0x0f,0x0f,
  0x0f,0x0f,0x0f,0x0f,0x0f,0x0f,0x0f,0x0f,0x0f,0x0f,0x0f,0x0f,0x0f,0x0f,0x0f,0x0f,
  0x0f,0x0f,0x0f,0x0f,0x0e,0x0e,0x0e,0x0c,0x07,0x07,0x0f,0x0f,0x0f,0x0f,0x0f,0x0f,
  0x0f,0x0f,0x0f,0x0f,0x0f,0x0f,0x0f,0x0f,0x0f,0x0f,0x0f,0x0f,0x0f,0x0f,0x0f,0x0f,
  0x0c,0x08,0x00,0x00,0x00,0x00,0x00,0x00,0x0f,0x0f,0x0f,0x0f,0x0f,0x0f,0x0f,0x0f,
  0x0f,0x0f,0x0f,0x0f,0x0f,0x0f,0x0e,0x00,0x0f,0x0f,0x0f,0x0e,0x0c,0x08,0x00,0x00,
  0x00,0x00,0x00,0x00,0x00,0x00,0x08,0x0c,0x00,0x00,0x00,0x00,0x00,0x00,0x00,0x00,
  0x00,0x00,0x01,0x01,0x03,0x03,0x07,0x07,0x00,0x00,0x08,0x0c,0x0e,0x0f,0x0f,0x0f,
  0x0c,0x0e,0x0e,0x0e,0x0f,0x0f,0x0f,0x0f,0x00,0x00,0x00,0x01,0x01,0x01,0x03,0x03,
  0x0f,0x0f,0x0f,0x0f,0x0f,0x0f,0x0f,0x0f,0x0f,0x0f,0x0f,0x0f,0x0f,0x0f,0x0f,0x0f,
  0x0f,0x0f,0x0f,0x0f,0x0f,0x0f,0x0f,0x0f,0x0f,0x0f,0x0f,0x0f,0x07,0x07,0x07,0x03,
  0x0f,0x0f,0x0f,0x0f,0x0f,0x0f,0x0f,0x0f,0x0f,0x0f,0x0f,0x0f,0x0f,0x0f,0x0f,0x0f,
  0x0f,0x0f,0x0f,0x0f,0x0f,0x0f,0x0f,0x0f,0x03,0x01,0x00,0x00,0x00,0x00,0x00,0x00,
  0x0f,0x0f,0x0f,0x07,0x03,0x01,0x00,0x00,0x0f,0x0f,0x0f,0x0f,0x0f,0x0f,0x07,0x00,
  0x0f,0x0f,0x0f,0x0f,0x0f,0x0f,0x0f,0x0f,0x00,0x00,0x00,0x00,0x00,0x00,0x01,0x03,
  0x00,0x00,0x01,0x03,0x07,0x0f,0x0f,0x0f,0x00,0x07,0x0f,0x0f,0x0f,0x0f,0x0f,0x0f,
  0x0f,0x0f,0x0f,0x0f,0x0f,0x0f,0x0f,0x0f,0x03,0x07,0x07,0x07,0x0f,0x0f,0x0f,0x0f,
  0x0f,0x0f,0x0f,0x0f,0x0f,0x0f,0x0f,0x0f,0x0f,0x0f,0x0f,0x0f,0x0f,0x0f,0x0f,0x0f,
  0x0f,0x0f,0x0f,0x0f,0x0e,0x0e,0x0e,0x0c,0x0f,0x0f,0x0f,0x0f,0x0f,0x0f,0x0f,0x0f,
  0x0f,0x0f,0x0f,0x0f,0x0f,0x0f,0x0f,0x0f,0x0f,0x0f,0x0f,0x0f,0x0f,0x0f,0x0f,0x0f,
  0x0c,0x08,0x00,0x00,0x00,0x00,0x00,0x00,0x0f,0x0f,0x0f,0x0f,0x0f,0x0f,0x0f,0x0f,
  0x0f,0x0f,0x0f,0x0f,0x0f,0x0f,0x0e,0x00,0x0f,0x0f,0x0f,0x0e,0x0c,0x08,0x00,0x00,
  0x00,0x00,0x00,0x00,0x00,0x00,0x08,0x0c,0x0f,0x0f,0x0f,0x0f,0x0f,0x0f,0x0f,0x0f,
  0x00,0x0e,0x0f,0x0f,0x0f,0x0f,0x0f,0x0f,0x00,0x00,0x08,0x0c,0x0e,0x0f,0x0f,0x0f,
  0x0c,0x0e,0x0e,0x0e,0x0f,0x0f,0x0f,0x0f,0x0f,0x0f,0x0f,0x0f,0x0f,0x0f,0x0f,0x0f,
  0x0f,0x0f,0x0f,0x0f,0x0f,0x0f,0x0f,0x0f,0x0f,0x0f,0x0f,0x0f,0x0f,0x0f,0x0f,0x0f,
  0x00,0xe0,0xc0,0x80,0xc0,0xe0,0xe0,0x80,0x00,0x00,0x00,0x10,0x30,0x30,0x70,0x70,
  0x00,0x10,0xf0,0xf0,0xf0,0xf3,0xf3,0xf0,0x00,0xf0,0xf1,0xf2,0xf2,0xf1,0xf1,0xf2,
  0x80,0xe0,0xe0,0xc0,0x80,0xc0,0xe0,0x00,0x70,0x70,0x30,0x30,0x10,0x00,0x00,0x00,
  0xf0,0xf3,0xf3,0xf0,0xf0,0xf0,0x10,0x00,0xf2,0xf1,0xf1,0xf2,0xf2,0xf1,0xf0,0x00,
  0x00,0xc0,0xe0,0xe0,0xc0,0x80,0xc0,0xe0,0x00,0x00,0x00,0x10,0x30,0x30,0x70,0x70,
  0x00,0x10,0xf0,0xf0,0xf0,0xf3,0xf3,0xf0,0x00,0xf0,0xf1,0xf2,0xf2,0xf1,0xf1,0xf2,
  0xe0,0xc0,0x80,0xc0,0xe0,0xe0,0xc0,0x00,0x70,0x70,0x30,0x30,0x10,0x00,0x00,0x00,
  0xf0,0xf3,0xf3,0xf0,0xf0,0xf0,0x10,0x00,0xf2,0xf1,0xf1,0xf2,0xf2,0xf1,0xf0,0x00,
  0x00,0x00,0x00,0x00,0x00,0x00,0x00,0x00,0x00,0x00,0x00,0x00,0x00,0x00,0x00,0x00,
  0x00,0x00,0x00,0x00,0x00,0x00,0x00,0x00,0x00,0x00,0x00,0x00,0x00,0x00,0x00,0x00,
  0x00,0x00,0x00,0x00,0x00,0x00,0x00,0x00,0x00,0x00,0x00,0x00,0x00,0x00,0x00,0x00,
  0x00,0x00,0x00,0x00,0x00,0x00,0x00,0x00,0x00,0x00,0x00,0x00,0x00,0x00,0x00,0x00,
  0x00,0x00,0x00,0x00,0x00,0x00,0x00,0x00,0x00,0x00,0x00,0x00,0x00,0x00,0x00,0x00,
  0x00,0x00,0x00,0x00,0x00,0x00,0x00,0x00,0x00,0x00,0x00,0x00,0x00,0x00,0x00,0x00,
  0x00,0x00,0x00,0x00,0x00,0x00,0x00,0x00,0x00,0x00,0x00,0x00,0x00,0x00,0x00,0x00,
  0x00,0x00,0x00,0x00,0x00,0x00,0x00,0x00,0x00,0x00,0x00,0x00,0x00,0x00,0x00,0x00,
  0x00,0xee,0xcc,0x88,0xcc,0xee,0xee,0x88,0x00,0x00,0x00,0x11,0x33,0x33,0x77,0x77,
  0x00,0x11,0xbc,0x3c,0x0f,0x8f,0xff,0xff,0x00,0xff,0xff,0x7f,0x7f,0xff,0xff,0xff,
  0x88,0xee,0xee,0xcc,0x88,0xcc,0xee,0x00,0x77,0x77,0x33,0x33,0x11,0x00,0x00,0x00,
  0xbc,0x3c,0x0f,0x8f,0xff,0xff,0x11,0x00,0xff,0x7f,0x7f,0xff,0xff,0xff,0xff,0x00,
  0x00,0xcc,0xee,0xee,0xcc,0x88,0xcc,0xee,0x00,0x00,0x00,0x11,0x33,0x33,0x77,0x77,
  0x00,0x11,0xbc,0x3c,0x0f,0x8f,0xff,0xff,0x00,0xff,0xff,0x7f,0x7f,0xff,0xff,0xff,
  0xee,0xcc,0x88,0xcc,0xee,0xee,0xcc,0x00,0x77,0x77,0x33,0x33,0x11,0x00,0x00,0x00,
  0xbc,0x3c,0x0f,0x8f,0xff,0xff,0x11,0x00,0xff,0x7f,0x7f,0xff,0xff,0xff,0xff,0x00,
  0x00,0xee,0xcc,0x88,0xcc,0xee,0xee,0x88,0x00,0x00,0x00,0x11,0x33,0x33,0x77,0x77,
  0x00,0x11,0xff,0xcf,0x8f,0x8f,0xcf,0xff,0x00,0xff,0xff,0x7f,0xf3,0xf3,0x7f,0xff,
  0x88,0xee,0xee,0xcc,0x88,0xcc,0xee,0x00,0x77,0x77,0x33,0x33,0x11,0x00,0x00,0x00,
  0xff,0xcf,0x8f,0x8f,0xcf,0xff,0x11,0x00,0xff,0x7f,0xf3,0xf3,0x7f,0xff,0xff,0x00,
  0x00,0xcc,0xee,0xee,0xcc,0x88,0xcc,0xee,0x00,0x00,0x00,0x11,0x33,0x33,0x77,0x77,
  0x00,0x11,0xff,0xcf,0x8f,0x8f,0xcf,0xff,0x00,0xff,0xff,0x7f,0xf3,0xf3,0x7f,0xff,
  0xee,0xcc,0x88,0xcc,0xee,0xee,0xcc,0x00,0x77,0x77,0x33,0x33,0x11,0x00,0x00,0x00,
  0xff,0xcf,0x8f,0x8f,0xcf,0xff,0x11,0x00,0xff,0x7f,0xf3,0xf3,0x7f,0xff,0xff,0x00,
  0x00,0xee,0xcc,0x88,0xcc,0xee,0xee,0x88,0x00,0x00,0x00,0x11,0x33,0x33,0x77,0x77,
  0x00,0x11,0xff,0xff,0x8f,0x0f,0x3c,0xbc,0x00,0xff,0xff,0xff,0xff,0x7f,0x7f,0xff,
  0x88,0xee,0xee,0xcc,0x88,0xcc,0xee,0x00,0x77,0x77,0x33,0x33,0x11,0x00,0x00,0x00,
  0xff,0xff,0x8f,0x0f,0x3c,0xbc,0x11,0x00,0xff,0xff,0xff,0x7f,0x7f,0xff,0xff,0x00,
  0x00,0xcc,0xee,0xee,0xcc,0x88,0xcc,0xee,0x00,0x00,0x00,0x11,0x33,0x33,0x77,0x77,
  0x00,0x11,0xff,0xff,0x8f,0x0f,0x3c,0xbc,0x00,0xff,0xff,0xff,0xff,0x7f,0x7f,0xff,
  0xee,0xcc,0x88,0xcc,0xee,0xee,0xcc,0x00,0x77,0x77,0x33,0x33,0x11,0x00,0x00,0x00,
  0xff,0xff,0x8f,0x0f,0x3c,0xbc,0x11,0x00,0xff,0xff,0xff,0x7f,0x7f,0xff,0xff,0x00,
  0x00,0xee,0xcc,0x88,0xcc,0xee,0xee,0x88,0x00,0x00,0x00,0x01,0x30,0x30,0x67,0x77,
  0x00,0x11,0xff,0x3f,0x1f,0x1f,0x3f,0xff,0x00,0xff,0xff,0xff,0xff,0xff,0xff,0xff,
  0x88,0xee,0xee,0xcc,0x88,0xcc,0xee,0x00,0x77,0x67,0x30,0x30,0x01,0x00,0x00,0x00,
  0xff,0x3f,0x1f,0x1f,0x3f,0xff,0x11,0x00,0xff,0xff,0xff,0xff,0xff,0xff,0xff,0x00,
  0x00,0xcc,0xee,0xee,0xcc,0x88,0xcc,0xee,0x00,0x00,0x00,0x01,0x30,0x30,0x67,0x77,
  0x00,0x11,0xff,0x3f,0x1f,0x1f,0x3f,0xff,0x00,0xff,0xff,0xff,0xff,0xff,0xff,0xff,
  0xee,0xcc,0x88,0xcc,0xee,0xee,0xcc,0x00,0x77,0x67,0x30,0x30,0x01,0x00,0x00,0x00,
  0xff,0x3f,0x1f,0x1f,0x3f,0xff,0x11,0x00,0xff,0xff,0xff,0xff,0xff,0xff,0xff,0x00,
  0x00,0x00,0x00,0x00,0x00,0x00,0x00,0x00,0x00,0x00,0x00,0x00,0x00,0x00,0x00,0x00,
  0x00,0x07,0x08,0x08,0x07,0x00,0x07,0x08,0x00,0x0c,0x02,0x02,0x0c,0x00,0x0c,0x02,
  0x00,0x00,0x00,0x00,0x00,0x00,0x00,0x00,0x00,0x00,0x00,0x00,0x00,0x00,0x00,0x00,
  0x08,0x07,0x00,0x06,0x09,0x08,0x08,0x06,0x02,0x0c,0x00,0x02,0x02,0x0a,0x06,0x02,
  0x00,0x00,0x00,0x00,0x00,0x00,0x00,0x00,0x00,0x00,0x00,0x00,0x00,0x00,0x00,0x00,
  0x00,0x07,0x08,0x08,0x07,0x00,0x07,0x08,0x00,0x0c,0x02,0x02,0x0c,0x00,0x0c,0x02,
  0x00,0x00,0x00,0x00,0x00,0x00,0x00,0x00,0x00,0x00,0x00,0x00,0x00,0x00,0x00,0x00,
  0x08,0x07,0x00,0x00,0x0f,0x04,0x02,0x01,0x02,0x0c,0x00,0x08,0x0e,0x08,0x08,0x08,
  0x00,0x00,0x00,0x00,0x00,0x00,0x00,0x00,0x00,0x00,0x00,0x00,0x00,0x00,0x00,0x00,
  0x00,0x07,0x08,0x08,0x07,0x00,0x07,0x08,0x00,0x0c,0x02,0x02,0x0c,0x00,0x0c,0x02,
  0x00,0x00,0x00,0x00,0x00,0x00,0x00,0x00,0x00,0x00,0x00,0x00,0x00,0x00,0x00,0x00,
  0x08,0x07,0x00,0x06,0x09,0x09,0x09,0x06,0x02,0x0c,0x00,0x0c,0x02,0x02,0x02,0x0c,
  0x00,0x00,0x00,0x00,0x00,0x00,0x00,0x00,0x00,0x00,0x00,0x00,0x00,0x00,0x00,0x00,
  0x07,0x08,0x08,0x07,0x00,0x07,0x08,0x08,0x0c,0x02,0x02,0x0c,0x00,0x0c,0x02,0x02,
  0x00,0x00,0x00,0x00,0x00,0x00,0x00,0x00,0x00,0x00,0x00,0x00,0x00,0x00,0x00,0x00,
  0x07,0x00,0x09,0x09,0x09,0x07,0x00,0x0f,0x0c,0x00,0x0c,0x02,0x02,0x0c,0x00,0x0e,
  0x00,0x00,0x00,0x00,0x00,0x00,0xcc,0xcc,0x00,0x00,0x00,0x00,0x00,0x00,0x66,0x77,
  0x00,0x00,0x00,0x00,0x00,0x00,0x00,0x00,0x00,0x00,0x00,0x00,0x00,0x00,0x00,0x11,
  0xcc,0xcc,0xcc,0x88,0x88,0x00,0x00,0x00,0x77,0x77,0x77,0x33,0x33,0x11,0x00,0x00,
  0x88,0xcc,0xee,0xff,0xff,0xff,0x77,0x00,0x33,0x77,0xff,0xff,0xff,0xff,0xcc,0x00,
  0x00,0x00,0x00,0x00,0x00,0x00,0x00,0x00,0x00,0x00,0x00,0x11,0x33,0x33,0x77,0x77,
  0x00,0x00,0x77,0xff,0xff,0xff,0xee,0xcc,0x00,0x00,0xcc,0xcc,0x88,0x00,0x00,0x00,
  0x00,0x00,0x00,0x00,0x00,0x00,0x00,0x00,0x77,0x77,0x77,0x33,0x33,0x11,0x00,0x00,
  0x88,0xcc,0xee,0xff,0xff,0xff,0x77,0x00,0x00,0x00,0x00,0x00,0x88,0xcc,0xcc,0x00,
  0x00,0x00,0x00,0x00,0x88,0x88,0xcc,0xcc,0x00,0x00,0x00,0x11,0x33,0x33,0x77,0x77,
  0x00,0x00,0x00,0x88,0x88,0xcc,0xcc,0xcc,0x00,0x00,0x00,0x33,0x33,0x77,0x77,0x77,
  0xcc,0xcc,0xcc,0x88,0x88,0x00,0x00,0x00,0x77,0x77,0x77,0x33,0x33,0x11,0x00,0x00,
  0xee,0xee,0xee,0xff,0xff,0xff,0x77,0x00,0xff,0xff,0xff,0xff,0xff,0xff,0xcc,0x00,
  0x00,0x00,0x00,0x00,0x88,0x88,0x00,0x00,0x00,0x00,0x00,0x11,0x33,0x33,0x77,0x77,
  0x00,0x00,0x77,0xff,0xff,0xff,0xff,0xff,0x00,0x00,0xcc,0xff,0xff,0xff,0xee,0x00,
  0x00,0x00,0x00,0x88,0x88,0x00,0x00,0x00,0x77,0x77,0x77,0x33,0x33,0x11,0x00,0x00,
  0xcc,0xff,0xff,0xff,0xff,0xff,0x77,0x00,0x00,0x00,0xee,0xff,0xff,0xff,0xcc,0x00,
  0x00,0x00,0x00,0x00,0x88,0x88,0xcc,0xcc,0x00,0x00,0x00,0x11,0x33,0x33,0x77,0x77,
  0x00,0x00,0x77,0xff,0xff,0xff,0xff,0xff,0x00,0x00,0xcc,0xff,0xff,0xff,0xff,0xff,
  0xcc,0xcc,0xcc,0x88,0x88,0x00,0x00,0x00,0x77,0x77,0x77,0x33,0x33,0x11,0x00,0x00,
  0xff,0xff,0xff,0xff,0xff,0xff,0x77,0x00,0xff,0xff,0xff,0xff,0xff,0xff,0xcc,0x00,
  0x01,0x02,0x04,0x0c,0x08,0x84,0x84,0x08,0x01,0x00,0x00,0x00,0x09,0x05,0x03,0x00,
  0x00,0x08,0x07,0x78,0xfa,0xf5,0xea,0x7b,0x00,0x00,0x00,0x0b,0xb5,0xea,0x77,0x32,
  0x08,0x84,0x84,0x08,0x0c,0x04,0x02,0x01,0x00,0x01,0x01,0x01,0x03,0x04,0x08,0x00,
  0x26,0x5d,0xb2,0x7c,0x07,0x00,0x00,0x00,0x72,0xe6,0xcc,0xfc,0xe3,0x0e,0x00,0x00,
  0x00,0x60,0x60,0xe0,0xe0,0xe8,0xcc,0x88,0x00,0x00,0x00,0x01,0x00,0x00,0x67,0x77,
  0x00,0x11,0xff,0x3f,0x1f,0x1f,0x3f,0xff,0x00,0x00,0xf0,0xf8,0xfd,0xff,0xff,0xff,
  0x88,0xee,0xee,0xcc,0x88,0xcc,0xee,0x00,0x77,0x67,0x00,0x00,0x01,0x00,0x00,0x00,
  0xff,0x3f,0x1f,0x1f,0x3f,0xff,0x11,0x00,0xff,0xff,0xff,0xff,0xff,0xff,0xff,0x00,
  0x00,0x60,0x60,0xe0,0xe0,0xe8,0xcc,0x88,0x00,0x00,0x00,0x11,0x23,0x23,0x77,0x77,
  0x00,0x11,0xff,0x1d,0x0c,0x0f,0x1f,0xff,0x00,0x00,0xf0,0xf8,0xfd,0xff,0xff,0xff,
  0x88,0xee,0xee,0xcc,0x88,0xcc,0xee,0x00,0x77,0x77,0x23,0x23,0x11,0x00,0x00,0x00,
  0xff,0x1d,0x0c,0x0f,0x1f,0xff,0x11,0x00,0xff,0xff,0xff,0xff,0xff,0xff,0xff,0x00,
  0x00,0x00,0x00,0x00,0x00,0x00,0x00,0x00,0x00,0x00,0x11,0x11,0x00,0x00,0x00,0x00,
  0x00,0x00,0xff,0xff,0xff,0x77,0x33,0x11,0x00,0x00,0x00,0xcc,0xee,0xee,0xff,0xff,
  0x00,0x00,0x00,0x00,0x00,0x00,0x00,0x00,0x00,0x00,0x00,0x00,0x00,0x11,0x11,0x00,
  0x00,0x11,0x33,0x77,0xff,0xff,0xff,0x00,0xff,0xff,0xff,0xee,0xee,0xcc,0x00,0x00,
  0x00,0x00,0x00,0x00,0x00,0x00,0x00,0x00,0x00,0x00,0x00,0x00,0x00,0x00,0x00,0x00,
  0x00,0x77,0xff,0x77,0x77,0x33,0x11,0x11,0x00,0x00,0xcc,0xee,0xee,0xff,0xff,0xff,
  0x00,0x00,0x00,0x00,0x00,0x00,0x00,0x00,0x00,0x00,0x00,0x00,0x00,0x00,0x00,0x00,
  0x00,0x11,0x11,0x33,0x77,0x77,0xff,0x77,0xee,0xff,0xff,0xff,0xee,0xee,0xcc,0x00,
  0x00,0x00,0x00,0x00,0x00,0x00,0x00,0x00,0x00,0x00,0x00,0x00,0x00,0x00,0x00,0x00,
  0x00,0x33,0x33,0x33,0x11,0x11,0x11,0x00,0x00,0x88,0xcc,0xee,0xee,0xff,0xff,0xff,
  0x00,0x00,0x00,0x00,0x00,0x00,0x00,0x00,0x00,0x00,0x00,0x00,0x00,0x00,0x00,0x00,
  0x00,0x00,0x11,0x11,0x11,0x33,0x33,0x33,0xee,0xff,0xff,0xff,0xee,0xee,0xcc,0x88,
  0x00,0x00,0x00,0x00,0x00,0x00,0x00,0x00,0x00,0x00,0x00,0x00,0x00,0x00,0x00,0x00,
  0x00,0x11,0x11,0x11,0x11,0x00,0x00,0x00,0x00,0xcc,0xee,0xee,0xff,0xff,0xff,0xff,
  0x00,0x00,0x00,0x00,0x00,0x00,0x00,0x00,0x00,0x00,0x00,0x00,0x00,0x00,0x00,0x00,
  0x00,0x00,0x00,0x00,0x11,0x11,0x11,0x11,0xee,0xff,0xff,0xff,0xff,0xee,0xee,0xcc,
  0x00,0x00,0x00,0x00,0x88,0x88,0x88,0x88,0x00,0x00,0x00,0x00,0x00,0x00,0x00,0x00,
  0x00,0x00,0x00,0x00,0x00,0x00,0x00,0x00,0x00,0x66,0x77,0x77,0x77,0xff,0xff,0xff,
  0x00,0x88,0x88,0x88,0x88,0x00,0x00,0x00,0x00,0x00,0x00,0x00,0x00,0x00,0x00,0x00,
  0x00,0x00,0x00,0x00,0x00,0x00,0x00,0x00,0xff,0xff,0xff,0xff,0x77,0x77,0x77,0x66,
  0x00,0x00,0x88,0x88,0xcc,0xcc,0xcc,0x88,0x00,0x00,0x00,0x00,0x00,0x00,0x00,0x00,
  0x00,0x00,0x00,0x00,0x00,0x00,0x00,0x00,0x00,0x11,0x33,0x33,0x33,0x77,0x77,0xff,
  0x00,0x88,0xcc,0xcc,0xcc,0x88,0x88,0x00,0x00,0x00,0x00,0x00,0x00,0x00,0x00,0x00,
  0x00,0x00,0x00,0x00,0x00,0x00,0x00,0x00,0xff,0xff,0x77,0x77,0x33,0x33,0x33,0x11,
  0x00,0x00,0xcc,0xee,0xee,0xee,0xee,0xcc,0x00,0x00,0x00,0x00,0x00,0x00,0x00,0x00,
  0x00,0x00,0x00,0x00,0x00,0x00,0x00,0x00,0x00,0x00,0x00,0x00,0x11,0x33,0x33,0x77,
  0x88,0xcc,0xee,0xee,0xee,0xee,0xcc,0x00,0x00,0x00,0x00,0x00,0x00,0x00,0x00,0x00,
  0x00,0x00,0x00,0x00,0x00,0x00,0x00,0x00,0xff,0x77,0x33,0x33,0x11,0x00,0x00,0x00,
  0x00,0x00,0x00,0x00,0x44,0xee,0xee,0xee,0x00,0x00,0x00,0x00,0x00,0x00,0x00,0x00,
  0x00,0x00,0x00,0x00,0x00,0x00,0x00,0x00,0x00,0x00,0x00,0x00,0x00,0x00,0x33,0x77,
  0xcc,0xee,0xee,0xee,0x44,0x00,0x00,0x00,0x00,0x00,0x00,0x00,0x00,0x00,0x00,0x00,
  0x00,0x00,0x00,0x00,0x00,0x00,0x00,0x00,0xff,0x77,0x33,0x00,0x00,0x00,0x00,0x00,
  0x00,0x00,0x00,0x00,0x00,0x00,0x44,0xee,0x00,0x00,0x00,0x00,0x00,0x00,0x00,0x00,
  0x00,0x00,0x00,0x00,0x00,0x00,0x00,0x00,0x00,0x00,0x00,0x00,0x00,0x00,0x00,0x33,
  0xcc,0xee,0x44,0x00,0x00,0x00,0x00,0x00,0x00,0x00,0x00,0x00,0x00,0x00,0x00,0x00,
  0x00,0x00,0x00,0x00,0x00,0x00,0x00,0x00,0xff,0x33,0x00,0x00,0x00,0x00,0x00,0x00,
  0x00,0x00,0x00,0x00,0x00,0x00,0x00,0x00,0x00,0x00,0x00,0x00,0x00,0x00,0x00,0x00,
  0x00,0x00,0x00,0x00,0x00,0x00,0x00,0x00,0x00,0x00,0x00,0x00,0x00,0x00,0x00,0x00,
  0xcc,0x00,0x00,0x00,0x00,0x00,0x00,0x00,0x00,0x00,0x00,0x00,0x00,0x00,0x00,0x00,
  0x00,0x00,0x00,0x00,0x00,0x00,0x00,0x00,0xff,0x00,0x00,0x00,0x00,0x00,0x00,0x00,
  0x00,0x00,0x00,0x00,0x22,0x44,0x11,0x22,0x00,0x00,0x00,0x00,0x00,0x00,0x00,0x00,
  0x00,0x00,0x00,0x00,0x00,0x00,0x22,0x11,0x00,0x00,0x00,0x11,0x99,0x44,0x00,0x00,
  0x00,0x22,0x11,0x88,0x44,0x00,0x00,0x00,0x00,0x00,0x00,0x00,0x00,0x00,0x00,0x00,
  0x00,0x11,0x22,0x00,0x11,0x00,0x00,0x00,0x00,0x00,0x00,0x88,0x22,0x22,0x00,0x00,
  0x00,0x00,0x00,0x00,0x00,0x00,0x00,0x00,0x00,0x00,0x00,0x00,0x00,0x00,0x00,0x00,
  0x00,0x00,0x00,0x00,0x00,0x00,0x00,0x00,0x00,0x00,0x00,0x00,0x00,0x00,0x00,0x00,
  0x00,0x00,0x00,0x00,0x00,0x00,0x00,0x00,0x00,0x00,0x00,0x00,0x00,0x00,0x00,0x00,
  0x00,0x00,0x00,0x00,0x00,0x00,0x00,0x00,0x00,0x00,0x00,0x00,0x00,0x00,0x00,0x00,
};

// palette_rom (32 bytes)
const char __at (0x6000) palette_rom[0x20] = {/*{pal:444}*/
  0x00,0x07,0x66,0xff,0x00,0x0f,0xcc,0xff,0x00,0x3f,0x00,0xff,0x3f,0x3f,0x00,0xff,
  0x00,0x3f,0x3f,0xff,0x3f,0x00,0x3f,0xff,0x3f,0x3f,0x3f,0xff,0x3f,0x3f,0x0f,0xff,
};
